OTU,Superkingdom,Kingdom,Phylum,Class,Order,Family,Genus,Species
OTU1,Bacteria,Bacteria,Actinobacteria,Coriobacteriia,Coriobacteriales,Atopobiaceae,Libanicoccus,massiliensis
OTU2,Bacteria,Bacteria,Bacteroidetes,Bacteroidia,Bacteroidales,Bacteroidaceae,Bacteroides,paurosaccharolyticus
OTU3,Bacteria,Bacteria,Bacteroidetes,Bacteroidia,Bacteroidales,Rikenellaceae,Anaerocella,delicata
OTU4,Bacteria,Bacteria,Firmicutes,Bacilli,Lactobacillales,Streptococcaceae,Streptococcus,equinus
OTU5,Bacteria,Bacteria,Firmicutes,Negativicutes,Acidaminococcales,Acidaminococcaceae,Succinispira,mobilis
OTU6,Bacteria,Bacteria,Fusobacteria,Fusobacteriia,Fusobacteriales,Fusobacteriaceae,Hypnocyclicus,thermotrophus
OTU7,Bacteria,Bacteria,Proteobacteria,Betaproteobacteria,Burkholderiales,Comamonadaceae,Variovorax,soli
OTU8,Bacteria,Bacteria,Proteobacteria,Betaproteobacteria,Neisseriales,Chromobacteriaceae,Formivibrio,citricus
OTU9,Bacteria,Bacteria,Proteobacteria,Betaproteobacteria,Neisseriales,Chromobacteriaceae,Laribacter,hongkongensis
OTU10,Bacteria,Bacteria,Proteobacteria,Deltaproteobacteria,Desulfobacterales,Desulfobacteraceae,Desulfobotulus,sapovorans
OTU11,Bacteria,Bacteria,Proteobacteria,Deltaproteobacteria,Desulfovibrionales,Desulfovibrionaceae,Desulfocurvus,thunnarius
OTU12,Bacteria,Bacteria,Proteobacteria,Deltaproteobacteria,Desulfovibrionales,Desulfovibrionaceae,Desulfovibrio,piger
OTU13,Bacteria,Bacteria,Proteobacteria,Deltaproteobacteria,Desulfuromonadales,Desulfuromonadaceae,Desulfuromonas,thiophila
OTU14,Bacteria,Bacteria,Proteobacteria,Deltaproteobacteria,Desulfuromonadales,Geobacteraceae,Geothermobacter,ehrlichii
OTU15,Bacteria,Bacteria,Proteobacteria,Epsilonproteobacteria,Campylobacterales,Campylobacteraceae,Arcobacter,butzleri
OTU16,Bacteria,Bacteria,Proteobacteria,Epsilonproteobacteria,Campylobacterales,Campylobacteraceae,Sulfurospirillum,deleyianum
OTU17,Bacteria,Bacteria,Proteobacteria,Gammaproteobacteria,Chromatiales,Chromatiaceae,Allochromatium,warmingii
OTU18,Bacteria,Bacteria,Synergistetes,Synergistia,Synergistales,Synergistaceae,Aminivibrio,pyruvatiphilus
OTU19,Bacteria,Bacteria,Synergistetes,Synergistia,Synergistales,Synergistaceae,Aminomonas,paucivorans
OTU20,Archaea,Archaea,Euryarchaeota,Archaeoglobi,Archaeoglobales,Archaeoglobaceae,Archaeoglobus,veneficus
OTU21,Archaea,Archaea,Euryarchaeota,Methanobacteria,Methanobacteriales,Methanobacteriaceae,Methanobacterium,bryantii
OTU22,Archaea,Archaea,Euryarchaeota,Methanobacteria,Methanobacteriales,Methanobacteriaceae,Methanobrevibacter,arboriphilus
OTU23,Archaea,Archaea,Euryarchaeota,Methanobacteria,Methanobacteriales,Methanobacteriaceae,Methanothermobacter,thermautotrophicus
OTU24,Archaea,Archaea,Euryarchaeota,Methanomicrobia,Methanomicrobiales,Methanomicrobiaceae,Methanoculleus,bourgensis
OTU25,Archaea,Archaea,Euryarchaeota,Methanomicrobia,Methanosarcinales,Methanosarcinaceae,Methanimicrococcus,blatticola
OTU26,Archaea,Archaea,Euryarchaeota,Methanomicrobia,Methanosarcinales,Methanosarcinaceae,Methanohalobium,evestigatum
OTU27,Archaea,Archaea,Euryarchaeota,Methanomicrobia,Methanosarcinales,Methanosarcinaceae,Methanosalsum,zhilinae
OTU28,Archaea,Archaea,Euryarchaeota,Methanomicrobia,Methanosarcinales,Methanosarcinaceae,Methanosarcina,mazei
OTU29,Archaea,Archaea,Euryarchaeota,Methanomicrobia,Methanosarcinales,Methermicoccaceae,Methermicoccus,shengliensis
OTU30,Bacteria,Bacteria,Actinobacteria,Actinobacteria,Actinomycetales,Corynebacteriaceae,Corynebacterium,durum
OTU31,Bacteria,Bacteria,Actinobacteria,Actinobacteria,Actinomycetales,Corynebacteriaceae,Corynebacterium,variabile
OTU32,Bacteria,Bacteria,Actinobacteria,Actinobacteria,Actinomycetales,Gordoniaceae,Millisia,brevis
OTU33,Bacteria,Bacteria,Actinobacteria,Actinobacteria,Actinomycetales,Microbacteriaceae,Microbacterium,aurum
OTU34,Bacteria,Bacteria,Actinobacteria,Actinobacteria,Actinomycetales,Microbacteriaceae,Microbacterium,barkeri
OTU35,Bacteria,Bacteria,Actinobacteria,Actinobacteria,Actinomycetales,Micrococcaceae,Kocuria,palustris
OTU36,Bacteria,Bacteria,Actinobacteria,Actinobacteria,Actinomycetales,Micrococcaceae,Microbispora,rosea
OTU37,Bacteria,Bacteria,Actinobacteria,Actinobacteria,Actinomycetales,Micrococcaceae,Rothia,dentocariosa
OTU38,Bacteria,Bacteria,Actinobacteria,Actinobacteria,Actinomycetales,Micrococcaceae,Rothia,mucilaginosa
OTU39,Bacteria,Bacteria,Actinobacteria,Actinobacteria,Actinomycetales,Mycobacteriaceae,Mycobacterium,celatum
OTU40,Bacteria,Bacteria,Actinobacteria,Actinobacteria,Actinomycetales,Nocardiaceae,Rhodococcus,equi
OTU41,Bacteria,Bacteria,Actinobacteria,Actinobacteria,Actinomycetales,Nocardiaceae,Rhodococcus,fascians
OTU42,Bacteria,Bacteria,Actinobacteria,Actinobacteria,Actinomycetales,Propionibacteriaceae,Propionibacterium,acnes
OTU43,Bacteria,Bacteria,Actinobacteria,Actinobacteria,Actinomycetales,Propionibacteriaceae,Tessaracoccus,bendigoensis
OTU44,Bacteria,Bacteria,Actinobacteria,Actinobacteria,Actinomycetales,Pseudonocardiaceae,Prauserella,rugosa
OTU45,Bacteria,Bacteria,Actinobacteria,Actinobacteria,Actinomycetales,Pseudonocardiaceae,Thermobispora,bispora
OTU46,Bacteria,Bacteria,Actinobacteria,Actinobacteria,Actinomycetales,Streptosporangiaceae,Nonomuraea,roseoviolacea
OTU47,Bacteria,Bacteria,Actinobacteria,Actinobacteria,Actinomycetales,Yaniellaceae,Auritibacter,ignavus
OTU48,Bacteria,Bacteria,Actinobacteria,Actinobacteria,Bifidobacteriales,Bifidobacteriaceae,Bifidobacterium,adolescentis
OTU49,Bacteria,Bacteria,Bacteroidetes,Bacteroidia,Bacteroidales,Porphyromonadaceae,Dysgonomonas,gadei
OTU50,Bacteria,Bacteria,Bacteroidetes,Flavobacteriia,Flavobacteriales,Flavobacteriaceae,Capnocytophaga,ochracea
OTU51,Bacteria,Bacteria,Bacteroidetes,Flavobacteriia,Flavobacteriales,Flavobacteriaceae,Flavobacterium,gelidilacus
OTU52,Bacteria,Bacteria,Bacteroidetes,Flavobacteriia,Flavobacteriales,Flavobacteriaceae,Flavobacterium,succinicans
OTU53,Bacteria,Bacteria,Bacteroidetes,Flavobacteriia,Flavobacteriales,Flavobacteriaceae,Imtechella,halotolerans
OTU54,Bacteria,Bacteria,Bacteroidetes,Flavobacteriia,Flavobacteriales,Flavobacteriaceae,Krokinobacter,genikus
OTU55,Bacteria,Bacteria,Bacteroidetes,Flavobacteriia,Flavobacteriales,Flavobacteriaceae,Myroides,odoratimimus
OTU56,Bacteria,Bacteria,Bacteroidetes,Flavobacteriia,Flavobacteriales,Flavobacteriaceae,Sufflavibacter,maritimus
OTU57,Bacteria,Bacteria,Bacteroidetes,Sphingobacteriia,Sphingobacteriales,Sphingobacteriaceae,Sphingobacterium,mizutaii
OTU58,Bacteria,Bacteria,Chrysiogenetes,Chrysiogenetes,Chrysiogenales,Chrysiogenaceae,Desulfurispirillum,alkaliphilum
OTU59,Bacteria,Bacteria,Fibrobacteres,Fibrobacteria,Fibrobacterales,Fibrobacteraceae,Fibrobacter,succinogenes
OTU60,Bacteria,Bacteria,Firmicutes,Bacilli,Bacillales,Alicyclobacillaceae,Alicyclobacillus,acidiphilus
OTU61,Bacteria,Bacteria,Firmicutes,Bacilli,Bacillales,Alicyclobacillaceae,Alicyclobacillus,acidocaldarius
OTU62,Bacteria,Bacteria,Firmicutes,Bacilli,Bacillales,Alicyclobacillaceae,Alicyclobacillus,cycloheptanicus
OTU63,Bacteria,Bacteria,Firmicutes,Bacilli,Bacillales,Alicyclobacillaceae,Alicyclobacillus,ferripilum
OTU64,Bacteria,Bacteria,Firmicutes,Bacilli,Bacillales,Bacillaceae,Anoxybacillus,kestanbolensis
OTU65,Bacteria,Bacteria,Firmicutes,Bacilli,Bacillales,Bacillaceae,Bacillus,anthracis
OTU66,Bacteria,Bacteria,Firmicutes,Bacilli,Bacillales,Bacillaceae,Bacillus,asahii
OTU67,Bacteria,Bacteria,Firmicutes,Bacilli,Bacillales,Bacillaceae,Bacillus,aurantiacus
OTU68,Bacteria,Bacteria,Firmicutes,Bacilli,Bacillales,Bacillaceae,Bacillus,cereus
OTU69,Bacteria,Bacteria,Firmicutes,Bacilli,Bacillales,Bacillaceae,Bacillus,clausii
OTU70,Bacteria,Bacteria,Firmicutes,Bacilli,Bacillales,Bacillaceae,Bacillus,coahuilensis
OTU71,Bacteria,Bacteria,Firmicutes,Bacilli,Bacillales,Bacillaceae,Bacillus,farraginis
OTU72,Bacteria,Bacteria,Firmicutes,Bacilli,Bacillales,Bacillaceae,Bacillus,firmus
OTU73,Bacteria,Bacteria,Firmicutes,Bacilli,Bacillales,Bacillaceae,Bacillus,flexus
OTU74,Bacteria,Bacteria,Firmicutes,Bacilli,Bacillales,Bacillaceae,Bacillus,foraminis
OTU75,Bacteria,Bacteria,Firmicutes,Bacilli,Bacillales,Bacillaceae,Bacillus,ginsengihumi
OTU76,Bacteria,Bacteria,Firmicutes,Bacilli,Bacillales,Bacillaceae,Bacillus,halodurans
OTU77,Bacteria,Bacteria,Firmicutes,Bacilli,Bacillales,Bacillaceae,Bacillus,horikoshii
OTU78,Bacteria,Bacteria,Firmicutes,Bacilli,Bacillales,Bacillaceae,Bacillus,humi
OTU79,Bacteria,Bacteria,Firmicutes,Bacilli,Bacillales,Bacillaceae,Bacillus,muralis
OTU80,Bacteria,Bacteria,Firmicutes,Bacilli,Bacillales,Bacillaceae,Bacillus,safensis
OTU81,Bacteria,Bacteria,Firmicutes,Bacilli,Bacillales,Bacillaceae,Bacillus,saliphilus
OTU82,Bacteria,Bacteria,Firmicutes,Bacilli,Bacillales,Bacillaceae,Bacillus,selenatarsenatis
OTU83,Bacteria,Bacteria,Firmicutes,Bacilli,Bacillales,Bacillaceae,Bacillus,thuringiensis
OTU84,Bacteria,Bacteria,Firmicutes,Bacilli,Bacillales,Bacillaceae,Geobacillus,thermodenitrificans
OTU85,Bacteria,Bacteria,Firmicutes,Bacilli,Bacillales,Bacillaceae,Halalkalibacillus,halophilus
OTU86,Bacteria,Bacteria,Firmicutes,Bacilli,Bacillales,Bacillaceae,Halobacillus,profundi
OTU87,Bacteria,Bacteria,Firmicutes,Bacilli,Bacillales,Bacillaceae,Lentibacillus,salis
OTU88,Bacteria,Bacteria,Firmicutes,Bacilli,Bacillales,Bacillaceae,Oceanobacillus,oncorhynchi
OTU89,Bacteria,Bacteria,Firmicutes,Bacilli,Bacillales,Bacillaceae,Ornithinibacillus,scapharcae
OTU90,Bacteria,Bacteria,Firmicutes,Bacilli,Bacillales,Bacillaceae,Salimicrobium,album
OTU91,Bacteria,Bacteria,Firmicutes,Bacilli,Bacillales,Bacillaceae,Salirhabdus,euzebyi
OTU92,Bacteria,Bacteria,Firmicutes,Bacilli,Bacillales,Listeriaceae,Listeria,fleischmannii
OTU93,Bacteria,Bacteria,Firmicutes,Bacilli,Bacillales,Listeriaceae,Listeria,seeligeri
OTU94,Bacteria,Bacteria,Firmicutes,Bacilli,Bacillales,Paenibacillaceae,Aneurinibacillus,terranovensis
OTU95,Bacteria,Bacteria,Firmicutes,Bacilli,Bacillales,Paenibacillaceae,Brevibacillus,laterosporus
OTU96,Bacteria,Bacteria,Firmicutes,Bacilli,Bacillales,Paenibacillaceae,Brevibacillus,reuszeri
OTU97,Bacteria,Bacteria,Firmicutes,Bacilli,Bacillales,Paenibacillaceae,Paenibacillus,curdlanolyticus
OTU98,Bacteria,Bacteria,Firmicutes,Bacilli,Bacillales,Paenibacillaceae,Paenibacillus,illinoisensis
OTU99,Bacteria,Bacteria,Firmicutes,Bacilli,Bacillales,Paenibacillaceae,Paenibacillus,pueri
OTU100,Bacteria,Bacteria,Firmicutes,Bacilli,Bacillales,Planococcaceae,Lysinibacillus,boronitolerans
OTU101,Bacteria,Bacteria,Firmicutes,Bacilli,Bacillales,Planococcaceae,Planococcus,maitriensis
OTU102,Bacteria,Bacteria,Firmicutes,Bacilli,Bacillales,Planococcaceae,Sporosarcina,aquimarina
OTU103,Bacteria,Bacteria,Firmicutes,Bacilli,Bacillales,Planococcaceae,Sporosarcina,ginsengi
OTU104,Bacteria,Bacteria,Firmicutes,Bacilli,Bacillales,Staphylococcaceae,Macrococcus,brunensis
OTU105,Bacteria,Bacteria,Firmicutes,Bacilli,Bacillales,Staphylococcaceae,Macrococcus,caseolyticus
OTU106,Bacteria,Bacteria,Firmicutes,Bacilli,Bacillales,Staphylococcaceae,Staphylococcus,aureus
OTU107,Bacteria,Bacteria,Firmicutes,Bacilli,Bacillales,Staphylococcaceae,Staphylococcus,epidermidis
OTU108,Bacteria,Bacteria,Firmicutes,Bacilli,Bacillales,Staphylococcaceae,Staphylococcus,succinus
OTU109,Bacteria,Bacteria,Firmicutes,Bacilli,Bacillales,Thermoactinomycetaceae,Thermoflavimicrobium,dichotomicum
OTU110,Bacteria,Bacteria,Firmicutes,Bacilli,Bacillales,Thermicanaceae,Bacillus,solfatarensis
OTU111,Bacteria,Bacteria,Firmicutes,Bacilli,Lactobacillales,Carnobacteriaceae,Isobaculum,melis
OTU112,Bacteria,Bacteria,Firmicutes,Bacilli,Lactobacillales,Enterococcaceae,Melissococcus,plutonius
OTU113,Bacteria,Bacteria,Firmicutes,Bacilli,Lactobacillales,Enterococcaceae,Tetragenococcus,halophilus
OTU114,Bacteria,Bacteria,Firmicutes,Bacilli,Lactobacillales,Lactobacillaceae,Lactobacillus,ruminis
OTU115,Bacteria,Bacteria,Firmicutes,Bacilli,Lactobacillales,Lactobacillaceae,Lactobacillus,zeae
OTU116,Bacteria,Bacteria,Firmicutes,Bacilli,Lactobacillales,Streptococcaceae,Streptococcus,anginosus
OTU117,Bacteria,Bacteria,Firmicutes,Clostridia,Clostridiales,Clostridiaceae,Alkaliphilus,transvaalensis
OTU118,Bacteria,Bacteria,Firmicutes,Clostridia,Clostridiales,Clostridiaceae,Clostridium,acidurici
OTU119,Bacteria,Bacteria,Firmicutes,Clostridia,Clostridiales,Clostridiaceae,Clostridium,cellulovorans
OTU120,Bacteria,Bacteria,Firmicutes,Clostridia,Clostridiales,Clostridiaceae,Clostridium,hiranonis
OTU121,Bacteria,Bacteria,Firmicutes,Clostridia,Clostridiales,Clostridiaceae,Clostridium,intestinale
OTU122,Bacteria,Bacteria,Firmicutes,Clostridia,Clostridiales,Clostridiaceae,Clostridium,ljungdahlii
OTU123,Bacteria,Bacteria,Firmicutes,Clostridia,Clostridiales,Clostridiaceae,Clostridium,perfringens
OTU124,Bacteria,Bacteria,Firmicutes,Clostridia,Clostridiales,Clostridiaceae,Clostridium,stercorarium
OTU125,Bacteria,Bacteria,Firmicutes,Clostridia,Clostridiales,Clostridiaceae,Clostridium,thermopalmarium
OTU126,Bacteria,Bacteria,Firmicutes,Clostridia,Clostridiales,Clostridiaceae,Proteiniborus,ethanoligenes
OTU127,Bacteria,Bacteria,Firmicutes,Clostridia,Clostridiales,Clostridiaceae,Thermoanaerobacterium,saccharolyticum
OTU128,Bacteria,Bacteria,Firmicutes,Clostridia,Clostridiales,Lachnospiraceae,Blautia,obeum
OTU129,Bacteria,Bacteria,Firmicutes,Clostridia,Clostridiales,Lachnospiraceae,Blautia,producta
OTU130,Bacteria,Bacteria,Firmicutes,Clostridia,Clostridiales,Lachnospiraceae,Clostridium,piliforme
OTU131,Bacteria,Bacteria,Firmicutes,Clostridia,Clostridiales,Lachnospiraceae,Defluviitalea,saccharophila
OTU132,Bacteria,Bacteria,Firmicutes,Clostridia,Clostridiales,Lachnospiraceae,Syntrophococcus,sucromutans
OTU133,Bacteria,Bacteria,Firmicutes,Clostridia,Clostridiales,Lachnospiraceae,Ruminococcus,gnavus
OTU134,Bacteria,Bacteria,Firmicutes,Clostridia,Clostridiales,Peptococcaceae,Desulfitispora,alkaliphila
OTU135,Bacteria,Bacteria,Firmicutes,Clostridia,Clostridiales,Peptococcaceae,Desulfosporosinus,meridiei
OTU136,Bacteria,Bacteria,Firmicutes,Clostridia,Clostridiales,Peptococcaceae,Thermincola,ferriacetica
OTU137,Bacteria,Bacteria,Firmicutes,Clostridia,Clostridiales,Peptostreptococcaceae,Clostridium,difficile
OTU138,Bacteria,Bacteria,Firmicutes,Clostridia,Clostridiales,Ruminococcaceae,Butyricicoccus,pullicaecorum
OTU139,Bacteria,Bacteria,Firmicutes,Clostridia,Clostridiales,Ruminococcaceae,Cellulosibacter,alkalithermophilus
OTU140,Bacteria,Bacteria,Firmicutes,Clostridia,Clostridiales,Ruminococcaceae,Clostridium,hungatei
OTU141,Bacteria,Bacteria,Firmicutes,Clostridia,Clostridiales,Ruminococcaceae,Clostridium,methylpentosum
OTU142,Bacteria,Bacteria,Firmicutes,Clostridia,Clostridiales,Ruminococcaceae,Clostridium,thermosuccinogenes
OTU143,Bacteria,Bacteria,Firmicutes,Clostridia,Clostridiales,Ruminococcaceae,Faecalibacterium,prausnitzii
OTU144,Bacteria,Bacteria,Firmicutes,Clostridia,Clostridiales,Ruminococcaceae,Oscillospira,guilliermondii
OTU145,Bacteria,Bacteria,Firmicutes,Clostridia,Clostridiales,Ruminococcaceae,Ruminococcus,flavefaciens
OTU146,Bacteria,Bacteria,Firmicutes,Clostridia,Clostridiales,Symbiobacteriaceae,Caldinitratiruptor,microaerophilus
OTU147,Bacteria,Bacteria,Firmicutes,Clostridia,Clostridiales,Symbiobacteriaceae,Symbiobacterium,thermophilum
OTU148,Bacteria,Bacteria,Firmicutes,Clostridia,Clostridiales,Syntrophomonadaceae,Syntrophomonas,wolfei
OTU149,Bacteria,Bacteria,Firmicutes,Clostridia,Clostridiales,Veillonellaceae,Acetonema,longum
OTU150,Bacteria,Bacteria,Firmicutes,Clostridia,Clostridiales,Veillonellaceae,Veillonella,parvula
OTU151,Bacteria,Bacteria,Firmicutes,Clostridia,Thermoanaerobacterales,Caldicellulosiruptoraceae,Caldicellulosiruptor,saccharolyticus
OTU152,Bacteria,Bacteria,Firmicutes,Clostridia,Thermoanaerobacterales,Thermoanaerobacteraceae,Caldanaerobacter,subterraneus
OTU153,Bacteria,Bacteria,Firmicutes,Clostridia,Thermoanaerobacterales,Thermoanaerobacteraceae,Carboxydothermus,ferrireducens
OTU154,Bacteria,Bacteria,Firmicutes,Clostridia,Thermoanaerobacterales,Thermoanaerobacteraceae,Carboxydothermus,pertinax
OTU155,Bacteria,Bacteria,Firmicutes,Clostridia,Thermoanaerobacterales,Thermoanaerobacteraceae,Thermoanaerobacter,mathranii
OTU156,Bacteria,Bacteria,Firmicutes,Clostridia,Thermoanaerobacterales,Thermoanaerobacteraceae,Thermoanaerobacter,uzonensis
OTU157,Bacteria,Bacteria,Fusobacteria,Fusobacteriia,Fusobacteriales,Fusobacteriaceae,Cetobacterium,somerae
OTU158,Bacteria,Bacteria,Proteobacteria,Alphaproteobacteria,Caulobacterales,Caulobacteraceae,Brevundimonas,diminuta
OTU159,Bacteria,Bacteria,Proteobacteria,Alphaproteobacteria,Caulobacterales,Caulobacteraceae,Brevundimonas,poindexterae
OTU160,Bacteria,Bacteria,Proteobacteria,Alphaproteobacteria,Rhizobiales,Bradyrhizobiaceae,Bradyrhizobium,elkanii
OTU161,Bacteria,Bacteria,Proteobacteria,Alphaproteobacteria,Rhizobiales,Bradyrhizobiaceae,Pseudomonas,carboxydohydrogena
OTU162,Bacteria,Bacteria,Proteobacteria,Alphaproteobacteria,Rhizobiales,Brucellaceae,Ochrobactrum,gallinifaecis
OTU163,Bacteria,Bacteria,Proteobacteria,Alphaproteobacteria,Rhizobiales,Brucellaceae,Ochrobactrum,intermedium
OTU164,Bacteria,Bacteria,Proteobacteria,Alphaproteobacteria,Rhizobiales,Brucellaceae,Paenochrobactrum,glaciei
OTU165,Bacteria,Bacteria,Proteobacteria,Alphaproteobacteria,Rhizobiales,Hyphomicrobiaceae,Hyphomicrobium,zavarzinii
OTU166,Bacteria,Bacteria,Proteobacteria,Alphaproteobacteria,Rhizobiales,Methylobacteriaceae,Methylobacterium,adhaesivum
OTU167,Bacteria,Bacteria,Proteobacteria,Alphaproteobacteria,Rhizobiales,Phyllobacteriaceae,Aquamicrobium,aerolatum
OTU168,Bacteria,Bacteria,Proteobacteria,Alphaproteobacteria,Rhizobiales,Phyllobacteriaceae,Mesorhizobium,ciceri
OTU169,Bacteria,Bacteria,Proteobacteria,Alphaproteobacteria,Rhizobiales,Phyllobacteriaceae,Nitratireductor,pacificus
OTU170,Bacteria,Bacteria,Proteobacteria,Alphaproteobacteria,Rhizobiales,Rhizobiaceae,Rhizobium,leguminosarum
OTU171,Bacteria,Bacteria,Proteobacteria,Alphaproteobacteria,Rhodobacterales,Rhodobacteraceae,Paracoccus,aminovorans
OTU172,Bacteria,Bacteria,Proteobacteria,Alphaproteobacteria,Rhodobacterales,Rhodobacteraceae,Paracoccus,kawasakiensis
OTU173,Bacteria,Bacteria,Proteobacteria,Alphaproteobacteria,Rhodobacterales,Rhodobacteraceae,Paracoccus,marcusii
OTU174,Bacteria,Bacteria,Proteobacteria,Alphaproteobacteria,Rhodobacterales,Rhodobacteraceae,Rhodobacter,sphaeroides
OTU175,Bacteria,Bacteria,Proteobacteria,Alphaproteobacteria,Sphingomonadales,Erythrobacteraceae,Erythrobacter,nanhaisediminis
OTU176,Bacteria,Bacteria,Proteobacteria,Alphaproteobacteria,Sphingomonadales,Sphingomonadaceae,Sphingomonas,wittichii
OTU177,Bacteria,Bacteria,Proteobacteria,Alphaproteobacteria,Sphingomonadales,Sphingomonadaceae,Sphingopyxis,alaskensis
OTU178,Bacteria,Bacteria,Proteobacteria,Alphaproteobacteria,Sphingomonadales,Sphingomonadaceae,Sphingosinicella,microcystinivorans
OTU179,Bacteria,Bacteria,Proteobacteria,Betaproteobacteria,Burkholderiales,Alcaligenaceae,Alcaligenes,faecalis
OTU180,Bacteria,Bacteria,Proteobacteria,Betaproteobacteria,Burkholderiales,Alcaligenaceae,Brackiella,oedipodis
OTU181,Bacteria,Bacteria,Proteobacteria,Betaproteobacteria,Burkholderiales,Alcaligenaceae,Candidimonas,humi
OTU182,Bacteria,Bacteria,Proteobacteria,Betaproteobacteria,Burkholderiales,Alcaligenaceae,Paralcaligenes,ureilyticus
OTU183,Bacteria,Bacteria,Proteobacteria,Betaproteobacteria,Burkholderiales,Alcaligenaceae,Pelistega,europaea
OTU184,Bacteria,Bacteria,Proteobacteria,Betaproteobacteria,Burkholderiales,Alcaligenaceae,Tetrathiobacter,kashmirensis
OTU185,Bacteria,Bacteria,Proteobacteria,Betaproteobacteria,Burkholderiales,Comamonadaceae,Acidovorax,delafieldii
OTU186,Bacteria,Bacteria,Proteobacteria,Betaproteobacteria,Burkholderiales,Comamonadaceae,Acidovorax,wohlfahrtii
OTU187,Bacteria,Bacteria,Proteobacteria,Betaproteobacteria,Burkholderiales,Comamonadaceae,Variovorax,paradoxus
OTU188,Bacteria,Bacteria,Proteobacteria,Betaproteobacteria,Neisseriales,Neisseriaceae,Kingella,denitrificans
OTU189,Bacteria,Bacteria,Proteobacteria,Betaproteobacteria,Neisseriales,Neisseriaceae,Neisseria,cinerea
OTU190,Bacteria,Bacteria,Proteobacteria,Betaproteobacteria,Rhodocyclales,Rhodocyclaceae,Dechloromonas,fungiphilus
OTU191,Bacteria,Bacteria,Proteobacteria,Deltaproteobacteria,Bdellovibrionales,Bdellovibrionaceae,Bdellovibrio,bacteriovorus
OTU192,Bacteria,Bacteria,Proteobacteria,Deltaproteobacteria,Desulfovibrionales,Desulfohalobiaceae,Desulfonatronospira,thiodismutans
OTU193,Bacteria,Bacteria,Proteobacteria,Epsilonproteobacteria,Campylobacterales,Campylobacteraceae,Arcobacter,cryaerophilus
OTU194,Bacteria,Bacteria,Proteobacteria,Gammaproteobacteria,Acidithiobacillales,Acidithiobacillaceae,Acidithiobacillus,albertensis
OTU195,Bacteria,Bacteria,Proteobacteria,Gammaproteobacteria,Acidithiobacillales,Acidithiobacillaceae,Acidithiobacillus,caldus
OTU196,Bacteria,Bacteria,Proteobacteria,Gammaproteobacteria,Aeromonadales,Aeromonadaceae,Aeromonas,taiwanensis
OTU197,Bacteria,Bacteria,Proteobacteria,Gammaproteobacteria,Cardiobacteriales,Cardiobacteriaceae,Dichelobacter,nodosus
OTU198,Bacteria,Bacteria,Proteobacteria,Gammaproteobacteria,Enterobacteriales,Enterobacteriaceae,Baumannia,cicadellinicola
OTU199,Bacteria,Bacteria,Proteobacteria,Gammaproteobacteria,Enterobacteriales,Enterobacteriaceae,Citrobacter,freundii
OTU200,Bacteria,Bacteria,Proteobacteria,Gammaproteobacteria,Enterobacteriales,Enterobacteriaceae,Cronobacter,dublinensis
OTU201,Bacteria,Bacteria,Proteobacteria,Gammaproteobacteria,Enterobacteriales,Enterobacteriaceae,Cronobacter,sakazakii
OTU202,Bacteria,Bacteria,Proteobacteria,Gammaproteobacteria,Enterobacteriales,Enterobacteriaceae,Enterobacter,arachidis
OTU203,Bacteria,Bacteria,Proteobacteria,Gammaproteobacteria,Enterobacteriales,Enterobacteriaceae,Enterobacter,cloacae
OTU204,Bacteria,Bacteria,Proteobacteria,Gammaproteobacteria,Enterobacteriales,Enterobacteriaceae,Enterobacter,hormaechei
OTU205,Bacteria,Bacteria,Proteobacteria,Gammaproteobacteria,Enterobacteriales,Enterobacteriaceae,Enterobacter,pyrinus
OTU206,Bacteria,Bacteria,Proteobacteria,Gammaproteobacteria,Enterobacteriales,Enterobacteriaceae,Enterobacter,radicincitans
OTU207,Bacteria,Bacteria,Proteobacteria,Gammaproteobacteria,Enterobacteriales,Enterobacteriaceae,Erwinia,dispersa
OTU208,Bacteria,Bacteria,Proteobacteria,Gammaproteobacteria,Enterobacteriales,Enterobacteriaceae,Erwinia,soli
OTU209,Bacteria,Bacteria,Proteobacteria,Gammaproteobacteria,Enterobacteriales,Enterobacteriaceae,Escherichia,blattae
OTU210,Bacteria,Bacteria,Proteobacteria,Gammaproteobacteria,Enterobacteriales,Enterobacteriaceae,Escherichia,coli
OTU211,Bacteria,Bacteria,Proteobacteria,Gammaproteobacteria,Enterobacteriales,Enterobacteriaceae,Ewingella,americana
OTU212,Bacteria,Bacteria,Proteobacteria,Gammaproteobacteria,Enterobacteriales,Enterobacteriaceae,Gluconacetobacter,liquefaciens
OTU213,Bacteria,Bacteria,Proteobacteria,Gammaproteobacteria,Enterobacteriales,Enterobacteriaceae,Klebsiella,oxytoca
OTU214,Bacteria,Bacteria,Proteobacteria,Gammaproteobacteria,Enterobacteriales,Enterobacteriaceae,Kleidoceria,schneideri
OTU215,Bacteria,Bacteria,Proteobacteria,Gammaproteobacteria,Enterobacteriales,Enterobacteriaceae,Leminorella,grimontii
OTU216,Bacteria,Bacteria,Proteobacteria,Gammaproteobacteria,Enterobacteriales,Enterobacteriaceae,Morganella,morganii
OTU217,Bacteria,Bacteria,Proteobacteria,Gammaproteobacteria,Enterobacteriales,Enterobacteriaceae,Pantoea,agglomerans
OTU218,Bacteria,Bacteria,Proteobacteria,Gammaproteobacteria,Enterobacteriales,Enterobacteriaceae,Plesiomonas,shigelloides
OTU219,Bacteria,Bacteria,Proteobacteria,Gammaproteobacteria,Enterobacteriales,Enterobacteriaceae,Pragia,fontium
OTU220,Bacteria,Bacteria,Proteobacteria,Gammaproteobacteria,Enterobacteriales,Enterobacteriaceae,Raoultella,terrigena
OTU221,Bacteria,Bacteria,Proteobacteria,Gammaproteobacteria,Enterobacteriales,Enterobacteriaceae,Salmonella,enterica
OTU222,Bacteria,Bacteria,Proteobacteria,Gammaproteobacteria,Enterobacteriales,Enterobacteriaceae,Samsonia,erythrinae
OTU223,Bacteria,Bacteria,Proteobacteria,Gammaproteobacteria,Enterobacteriales,Enterobacteriaceae,Serratia,marcescens
OTU224,Bacteria,Bacteria,Proteobacteria,Gammaproteobacteria,Enterobacteriales,Enterobacteriaceae,Serratia,proteamaculans
OTU225,Bacteria,Bacteria,Proteobacteria,Gammaproteobacteria,Enterobacteriales,Enterobacteriaceae,Shigella,sonnei
OTU226,Bacteria,Bacteria,Proteobacteria,Gammaproteobacteria,Enterobacteriales,Enterobacteriaceae,Stenotrophomonas,maltophilia
OTU227,Bacteria,Bacteria,Proteobacteria,Gammaproteobacteria,Enterobacteriales,Enterobacteriaceae,Trabulsiella,farmeri
OTU228,Bacteria,Bacteria,Proteobacteria,Gammaproteobacteria,Enterobacteriales,Enterobacteriaceae,Xenorhabdus,bovienii
OTU229,Bacteria,Bacteria,Proteobacteria,Gammaproteobacteria,Enterobacteriales,Enterobacteriaceae,Xenorhabdus,nematophila
OTU230,Bacteria,Bacteria,Proteobacteria,Gammaproteobacteria,Enterobacteriales,Enterobacteriaceae,Xenorhabdus,poinarii
OTU231,Bacteria,Bacteria,Proteobacteria,Gammaproteobacteria,Methylococcales,Methylococcaceae,Methylomicrobium,buryatense
OTU232,Bacteria,Bacteria,Proteobacteria,Gammaproteobacteria,Methylococcales,Methylococcaceae,Methylosarcina,quisquiliarum
OTU233,Bacteria,Bacteria,Proteobacteria,Gammaproteobacteria,Pasteurellales,Pasteurellaceae,Haemophilus,parasuis
OTU234,Bacteria,Bacteria,Proteobacteria,Gammaproteobacteria,Pseudomonadales,Moraxellaceae,Acinetobacter,guillouiae
OTU235,Bacteria,Bacteria,Proteobacteria,Gammaproteobacteria,Pseudomonadales,Moraxellaceae,Acinetobacter,johnsonii
OTU236,Bacteria,Bacteria,Proteobacteria,Gammaproteobacteria,Pseudomonadales,Moraxellaceae,Acinetobacter,lwoffii
OTU237,Bacteria,Bacteria,Proteobacteria,Gammaproteobacteria,Pseudomonadales,Moraxellaceae,Acinetobacter,rhizosphaerae
OTU238,Bacteria,Bacteria,Proteobacteria,Gammaproteobacteria,Pseudomonadales,Moraxellaceae,Acinetobacter,schindleri
OTU239,Bacteria,Bacteria,Proteobacteria,Gammaproteobacteria,Pseudomonadales,Moraxellaceae,Enhydrobacter,aerosaccus
OTU240,Bacteria,Bacteria,Proteobacteria,Gammaproteobacteria,Pseudomonadales,Moraxellaceae,Moraxella,lincolnii
OTU241,Bacteria,Bacteria,Proteobacteria,Gammaproteobacteria,Pseudomonadales,Pseudomonadaceae,Pseudomonas,alcaligenes
OTU242,Bacteria,Bacteria,Proteobacteria,Gammaproteobacteria,Pseudomonadales,Pseudomonadaceae,Pseudomonas,balearica
OTU243,Bacteria,Bacteria,Proteobacteria,Gammaproteobacteria,Pseudomonadales,Pseudomonadaceae,Pseudomonas,citronellolis
OTU244,Bacteria,Bacteria,Proteobacteria,Gammaproteobacteria,Pseudomonadales,Pseudomonadaceae,Pseudomonas,pseudoalcaligenes
OTU245,Bacteria,Bacteria,Proteobacteria,Gammaproteobacteria,Pseudomonadales,Pseudomonadaceae,Pseudomonas,stutzeri
OTU246,Bacteria,Bacteria,Proteobacteria,Gammaproteobacteria,Pseudomonadales,Pseudomonadaceae,Pseudomonas,veronii
OTU247,Bacteria,Bacteria,Proteobacteria,Gammaproteobacteria,Pseudomonadales,Pseudomonadaceae,Serpens,flexibilis
OTU248,Bacteria,Bacteria,Proteobacteria,Gammaproteobacteria,Thiotrichales,Thiotrichaceae,Thiopilula,aggregata
OTU249,Bacteria,Bacteria,Proteobacteria,Gammaproteobacteria,Vibrionales,Vibrionaceae,Photobacterium,angustum
OTU250,Bacteria,Bacteria,Proteobacteria,Gammaproteobacteria,Vibrionales,Vibrionaceae,Photobacterium,rosenbergii
OTU251,Bacteria,Bacteria,Proteobacteria,Gammaproteobacteria,Xanthomonadales,Xanthomonadaceae,Pseudoxanthomonas,mexicana
OTU252,Bacteria,Bacteria,Proteobacteria,Gammaproteobacteria,Xanthomonadales,Xanthomonadaceae,Stenotrophomonas,acidaminiphila
OTU253,Bacteria,Bacteria,Proteobacteria,Gammaproteobacteria,Xanthomonadales,Xanthomonadaceae,Stenotrophomonas,geniculata
OTU254,Bacteria,Bacteria,Proteobacteria,Gammaproteobacteria,Xanthomonadales,Xanthomonadaceae,Thermomonas,fusca
OTU255,Bacteria,Bacteria,Proteobacteria,Gammaproteobacteria,Xanthomonadales,Xanthomonadaceae,Xanthomonas,axonopodis
OTU256,Bacteria,Bacteria,Synergistetes,Synergistia,Synergistales,Dethiosulfovibrionaceae,Jonquetella,anthropi
OTU257,Bacteria,Bacteria,Thermi,Deinococci,Deinococcales,Deinococcaceae,Deinococcus,alpinitundrae
