Superkingdom,Kingdom,Phylum,Class,Order,Family,Genus,Species,Genus_Species,ERR770579,ERR770580,ERR770581,ERR770582,ERR770583,ERR770584
Archaea,Archaea,Euryarchaeota,Methanobacteria,Methanobacteriales,Methanobacteriaceae,Methanobacterium,bryantii,Methanobacterium_bryantii,0,0,0,3,1,2
Archaea,Archaea,Euryarchaeota,Methanobacteria,Methanobacteriales,Methanobacteriaceae,Methanobrevibacter,arboriphilus,Methanobrevibacter_arboriphilus,0,0,0,1,0,0
Archaea,Archaea,Euryarchaeota,Methanobacteria,Methanobacteriales,Methanobacteriaceae,Methanothermobacter,thermautotrophicus,Methanothermobacter_thermautotrophicus,1,0,0,2,2,1
Archaea,Archaea,Euryarchaeota,Methanomicrobia,Methanosarcinales,Methanosarcinaceae,Methanosarcina,mazei,Methanosarcina_mazei,0,0,0,15,15,11
Bacteria,Bacteria,Acidobacteria,Acidobacteriia,Acidobacteriales,Acidobacteriaceae,Edaphobacter,modestum,Edaphobacter_modestum,0,0,0,2,0,0
Bacteria,Bacteria,Actinobacteria,Acidimicrobiia,Acidimicrobiales,Microthrixaceae,CandidatusMicrothrix,parvicella,CandidatusMicrothrix_parvicella,35,34,94,6913,6207,5775
Bacteria,Bacteria,Actinobacteria,Actinobacteria,Actinomycetales,Actinomycetaceae,Actinomyces,hyovaginalis,Actinomyces_hyovaginalis,0,0,0,1,0,0
Bacteria,Bacteria,Actinobacteria,Actinobacteria,Actinomycetales,Actinomycetaceae,Bogoriella,caseolytica,Bogoriella_caseolytica,0,0,0,1,0,2
Bacteria,Bacteria,Actinobacteria,Actinobacteria,Actinomycetales,Beutenbergiaceae,Salana,multivorans,Salana_multivorans,0,0,0,11,13,11
Bacteria,Bacteria,Actinobacteria,Actinobacteria,Actinomycetales,Beutenbergiaceae,Serinibacter,salmoneus,Serinibacter_salmoneus,0,0,0,0,2,0
Bacteria,Bacteria,Actinobacteria,Actinobacteria,Actinomycetales,Brevibacteriaceae,Brevibacterium,casei,Brevibacterium_casei,0,0,0,1,2,1
Bacteria,Bacteria,Actinobacteria,Actinobacteria,Actinomycetales,Brevibacteriaceae,Brevibacterium,paucivorans,Brevibacterium_paucivorans,0,0,0,4,4,5
Bacteria,Bacteria,Actinobacteria,Actinobacteria,Actinomycetales,Cellulomonadaceae,Cellulomonas,uda,Cellulomonas_uda,0,0,0,1,0,0
Bacteria,Bacteria,Actinobacteria,Actinobacteria,Actinomycetales,Cellulomonadaceae,Cellulomonas,xylanilytica,Cellulomonas_xylanilytica,0,0,0,0,0,3
Bacteria,Bacteria,Actinobacteria,Actinobacteria,Actinomycetales,Corynebacteriaceae,Corynebacterium,bovis,Corynebacterium_bovis,0,0,0,5,2,2
Bacteria,Bacteria,Actinobacteria,Actinobacteria,Actinomycetales,Corynebacteriaceae,Corynebacterium,durum,Corynebacterium_durum,0,0,0,1,0,0
Bacteria,Bacteria,Actinobacteria,Actinobacteria,Actinomycetales,Corynebacteriaceae,Corynebacterium,lubricantis,Corynebacterium_lubricantis,0,0,0,0,0,1
Bacteria,Bacteria,Actinobacteria,Actinobacteria,Actinomycetales,Corynebacteriaceae,Corynebacterium,stationis,Corynebacterium_stationis,0,0,0,1,2,0
Bacteria,Bacteria,Actinobacteria,Actinobacteria,Actinomycetales,Dermabacteraceae,Brachybacterium,conglomeratum,Brachybacterium_conglomeratum,0,0,0,13,9,14
Bacteria,Bacteria,Actinobacteria,Actinobacteria,Actinomycetales,Dermabacteraceae,Devriesea,agamarum,Devriesea_agamarum,0,0,0,1,0,0
Bacteria,Bacteria,Actinobacteria,Actinobacteria,Actinomycetales,Dermatophilaceae,Kineosphaera,limosa,Kineosphaera_limosa,0,0,1,2,1,0
Bacteria,Bacteria,Actinobacteria,Actinobacteria,Actinomycetales,Dermatophilaceae,Piscicoccus,intestinalis,Piscicoccus_intestinalis,0,0,0,2,2,4
Bacteria,Bacteria,Actinobacteria,Actinobacteria,Actinomycetales,Frankiaceae,Kaistibacter,ginsenosidimutans,Kaistibacter_ginsenosidimutans,0,0,0,22,13,12
Bacteria,Bacteria,Actinobacteria,Actinobacteria,Actinomycetales,Geodermatophilaceae,Blastococcus,aggregatus,Blastococcus_aggregatus,0,0,0,1,2,0
Bacteria,Bacteria,Actinobacteria,Actinobacteria,Actinomycetales,Gordoniaceae,Millisia,brevis,Millisia_brevis,0,0,0,0,0,1
Bacteria,Bacteria,Actinobacteria,Actinobacteria,Actinomycetales,Intrasporangiaceae,Arsenicicoccus,piscis,Arsenicicoccus_piscis,0,1,2,63,59,46
Bacteria,Bacteria,Actinobacteria,Actinobacteria,Actinomycetales,Intrasporangiaceae,Intrasporangium,calvum,Intrasporangium_calvum,1,0,1,2,0,0
Bacteria,Bacteria,Actinobacteria,Actinobacteria,Actinomycetales,Intrasporangiaceae,Kribbia,dieselivorans,Kribbia_dieselivorans,0,0,0,2,0,0
Bacteria,Bacteria,Actinobacteria,Actinobacteria,Actinomycetales,Intrasporangiaceae,Lapillicoccus,jejuensis,Lapillicoccus_jejuensis,0,0,0,78,69,57
Bacteria,Bacteria,Actinobacteria,Actinobacteria,Actinomycetales,Intrasporangiaceae,Marihabitans,asiaticum,Marihabitans_asiaticum,0,0,0,1,0,0
Bacteria,Bacteria,Actinobacteria,Actinobacteria,Actinomycetales,Intrasporangiaceae,Oryzihumus,leptocrescens,Oryzihumus_leptocrescens,0,0,0,4,1,1
Bacteria,Bacteria,Actinobacteria,Actinobacteria,Actinomycetales,Microbacteriaceae,Agromyces,mediolanus,Agromyces_mediolanus,0,0,0,2,1,0
Bacteria,Bacteria,Actinobacteria,Actinobacteria,Actinomycetales,Microbacteriaceae,CandidatusAquiluna,rubra,CandidatusAquiluna_rubra,0,0,0,2,3,3
Bacteria,Bacteria,Actinobacteria,Actinobacteria,Actinomycetales,Microbacteriaceae,Clavibacter,michiganensis,Clavibacter_michiganensis,0,0,0,1,0,1
Bacteria,Bacteria,Actinobacteria,Actinobacteria,Actinomycetales,Microbacteriaceae,Cryobacterium,psychrophilum,Cryobacterium_psychrophilum,0,0,0,0,2,0
Bacteria,Bacteria,Actinobacteria,Actinobacteria,Actinomycetales,Microbacteriaceae,Herbiconiux,ginsengi,Herbiconiux_ginsengi,0,0,0,0,1,0
Bacteria,Bacteria,Actinobacteria,Actinobacteria,Actinomycetales,Microbacteriaceae,Microbacterium,aurum,Microbacterium_aurum,0,0,0,0,2,0
Bacteria,Bacteria,Actinobacteria,Actinobacteria,Actinomycetales,Microbacteriaceae,Microbacterium,chocolatum,Microbacterium_chocolatum,0,0,0,3,6,2
Bacteria,Bacteria,Actinobacteria,Actinobacteria,Actinomycetales,Microbacteriaceae,Microbacterium,gubbeenense,Microbacterium_gubbeenense,0,0,0,1,0,0
Bacteria,Bacteria,Actinobacteria,Actinobacteria,Actinomycetales,Microbacteriaceae,Microbacterium,lacticum,Microbacterium_lacticum,0,0,0,4,3,1
Bacteria,Bacteria,Actinobacteria,Actinobacteria,Actinomycetales,Microbacteriaceae,Microbacterium,maritypicum,Microbacterium_maritypicum,0,0,0,1,0,0
Bacteria,Bacteria,Actinobacteria,Actinobacteria,Actinomycetales,Microbacteriaceae,Pseudoclavibacter,bifida,Pseudoclavibacter_bifida,0,0,0,8,6,6
Bacteria,Bacteria,Actinobacteria,Actinobacteria,Actinomycetales,Microbacteriaceae,Pseudoclavibacter,helvolus,Pseudoclavibacter_helvolus,0,0,1,8,7,8
Bacteria,Bacteria,Actinobacteria,Actinobacteria,Actinomycetales,Microbacteriaceae,Rathayibacter,caricis,Rathayibacter_caricis,0,0,0,5,2,3
Bacteria,Bacteria,Actinobacteria,Actinobacteria,Actinomycetales,Microbacteriaceae,Salinibacterium,amurskyense,Salinibacterium_amurskyense,0,0,0,0,0,1
Bacteria,Bacteria,Actinobacteria,Actinobacteria,Actinomycetales,Microbacteriaceae,Schumannella,luteola,Schumannella_luteola,0,0,0,1,0,0
Bacteria,Bacteria,Actinobacteria,Actinobacteria,Actinomycetales,Micrococcaceae,Arthrobacter,castelli,Arthrobacter_castelli,0,1,0,1,0,0
Bacteria,Bacteria,Actinobacteria,Actinobacteria,Actinomycetales,Micrococcaceae,Arthrobacter,nasiphocae,Arthrobacter_nasiphocae,0,0,0,1,1,0
Bacteria,Bacteria,Actinobacteria,Actinobacteria,Actinomycetales,Micrococcaceae,Arthrobacter,nitroguajacolicus,Arthrobacter_nitroguajacolicus,1,0,0,16,19,11
Bacteria,Bacteria,Actinobacteria,Actinobacteria,Actinomycetales,Micrococcaceae,Arthrobacter,oxydans,Arthrobacter_oxydans,0,0,0,2,1,0
Bacteria,Bacteria,Actinobacteria,Actinobacteria,Actinomycetales,Micrococcaceae,Arthrobacter,psychrolactophilus,Arthrobacter_psychrolactophilus,0,0,0,4,1,0
Bacteria,Bacteria,Actinobacteria,Actinobacteria,Actinomycetales,Micrococcaceae,Citricoccus,alkalitolerans,Citricoccus_alkalitolerans,0,0,0,1,0,0
Bacteria,Bacteria,Actinobacteria,Actinobacteria,Actinomycetales,Micrococcaceae,Kocuria,palustris,Kocuria_palustris,0,0,0,82,71,65
Bacteria,Bacteria,Actinobacteria,Actinobacteria,Actinomycetales,Micrococcaceae,Kocuria,rhizophila,Kocuria_rhizophila,0,0,0,1,3,1
Bacteria,Bacteria,Actinobacteria,Actinobacteria,Actinomycetales,Micrococcaceae,Micrococcus,luteus,Micrococcus_luteus,0,0,1,1,4,0
Bacteria,Bacteria,Actinobacteria,Actinobacteria,Actinomycetales,Micrococcaceae,Rothia,dentocariosa,Rothia_dentocariosa,0,0,0,32,16,29
Bacteria,Bacteria,Actinobacteria,Actinobacteria,Actinomycetales,Micrococcaceae,Rothia,mucilaginosa,Rothia_mucilaginosa,0,0,0,102,77,80
Bacteria,Bacteria,Actinobacteria,Actinobacteria,Actinomycetales,Micrococcaceae,Rothia,nasimurium,Rothia_nasimurium,0,0,0,1,0,0
Bacteria,Bacteria,Actinobacteria,Actinobacteria,Actinomycetales,Micromonosporaceae,Catenuloplanes,nepalensis,Catenuloplanes_nepalensis,0,0,0,0,1,0
Bacteria,Bacteria,Actinobacteria,Actinobacteria,Actinomycetales,Micromonosporaceae,Phytohabitans,suffuscus,Phytohabitans_suffuscus,0,0,0,0,2,2
Bacteria,Bacteria,Actinobacteria,Actinobacteria,Actinomycetales,Mycobacteriaceae,Mycobacterium,arupense,Mycobacterium_arupense,0,0,1,54,53,48
Bacteria,Bacteria,Actinobacteria,Actinobacteria,Actinomycetales,Mycobacteriaceae,Mycobacterium,celatum,Mycobacterium_celatum,0,0,0,18,17,14
Bacteria,Bacteria,Actinobacteria,Actinobacteria,Actinomycetales,Mycobacteriaceae,Mycobacterium,llatzerense,Mycobacterium_llatzerense,0,0,0,0,0,1
Bacteria,Bacteria,Actinobacteria,Actinobacteria,Actinomycetales,Mycobacteriaceae,Mycobacterium,vaccae,Mycobacterium_vaccae,0,0,0,0,1,1
Bacteria,Bacteria,Actinobacteria,Actinobacteria,Actinomycetales,Nocardiaceae,Nocardia,concava,Nocardia_concava,0,0,0,0,0,1
Bacteria,Bacteria,Actinobacteria,Actinobacteria,Actinomycetales,Nocardiaceae,Rhodococcus,equi,Rhodococcus_equi,1,0,0,3,0,2
Bacteria,Bacteria,Actinobacteria,Actinobacteria,Actinomycetales,Nocardiaceae,Rhodococcus,fascians,Rhodococcus_fascians,0,0,0,13,8,15
Bacteria,Bacteria,Actinobacteria,Actinobacteria,Actinomycetales,Nocardiaceae,Rhodococcus,ruber,Rhodococcus_ruber,0,0,1,9,9,4
Bacteria,Bacteria,Actinobacteria,Actinobacteria,Actinomycetales,Nocardiaceae,Segniliparus,rotundus,Segniliparus_rotundus,0,0,0,2,0,3
Bacteria,Bacteria,Actinobacteria,Actinobacteria,Actinomycetales,Nocardiaceae,Skermania,piniformis,Skermania_piniformis,1,0,1,0,0,0
Bacteria,Bacteria,Actinobacteria,Actinobacteria,Actinomycetales,Nocardiaceae,Smaragdicoccus,niigatensis,Smaragdicoccus_niigatensis,0,0,0,1,0,1
Bacteria,Bacteria,Actinobacteria,Actinobacteria,Actinomycetales,Nocardioidaceae,Nocardioides,dilutus,Nocardioides_dilutus,0,0,0,5,5,4
Bacteria,Bacteria,Actinobacteria,Actinobacteria,Actinomycetales,Nocardiopsaceae,Nocardiopsis,exhalans,Nocardiopsis_exhalans,0,0,0,7,3,8
Bacteria,Bacteria,Actinobacteria,Actinobacteria,Actinomycetales,Nocardiopsaceae,Nocardiopsis,trehalosi,Nocardiopsis_trehalosi,0,0,0,0,0,1
Bacteria,Bacteria,Actinobacteria,Actinobacteria,Actinomycetales,Promicromonosporaceae,Luteimicrobium,subarcticum,Luteimicrobium_subarcticum,0,1,0,9,5,6
Bacteria,Bacteria,Actinobacteria,Actinobacteria,Actinomycetales,Promicromonosporaceae,Xylanimicrobium,pachnodae,Xylanimicrobium_pachnodae,0,0,0,0,1,0
Bacteria,Bacteria,Actinobacteria,Actinobacteria,Actinomycetales,Propionibacteriaceae,Aestuariimicrobium,kwangyangense,Aestuariimicrobium_kwangyangense,0,0,0,2,0,0
Bacteria,Bacteria,Actinobacteria,Actinobacteria,Actinomycetales,Propionibacteriaceae,Brooklawnia,cerclae,Brooklawnia_cerclae,0,0,0,7,7,8
Bacteria,Bacteria,Actinobacteria,Actinobacteria,Actinomycetales,Propionibacteriaceae,Propionibacterium,acnes,Propionibacterium_acnes,0,0,0,34,21,30
Bacteria,Bacteria,Actinobacteria,Actinobacteria,Actinomycetales,Propionibacteriaceae,Propionibacterium,granulosum,Propionibacterium_granulosum,0,0,0,27,22,17
Bacteria,Bacteria,Actinobacteria,Actinobacteria,Actinomycetales,Propionibacteriaceae,Propionimicrobium,lymphophilum,Propionimicrobium_lymphophilum,0,0,0,2,4,1
Bacteria,Bacteria,Actinobacteria,Actinobacteria,Actinomycetales,Propionibacteriaceae,Tessaracoccus,bendigoensis,Tessaracoccus_bendigoensis,2,1,1,431,397,330
Bacteria,Bacteria,Actinobacteria,Actinobacteria,Actinomycetales,Pseudonocardiaceae,Amycolatopsis,thermoflava,Amycolatopsis_thermoflava,0,0,0,0,0,1
Bacteria,Bacteria,Actinobacteria,Actinobacteria,Actinomycetales,Pseudonocardiaceae,Prauserella,rugosa,Prauserella_rugosa,0,0,0,59,64,50
Bacteria,Bacteria,Actinobacteria,Actinobacteria,Actinomycetales,Ruaniaceae,Ruania,albidiflava,Ruania_albidiflava,0,0,0,1,0,1
Bacteria,Bacteria,Actinobacteria,Actinobacteria,Actinomycetales,Sanguibacteraceae,Sanguibacter,soli,Sanguibacter_soli,0,0,0,0,3,2
Bacteria,Bacteria,Actinobacteria,Actinobacteria,Actinomycetales,Streptomycetaceae,Amycolatopsis,coloradensis,Amycolatopsis_coloradensis,0,0,0,0,1,0
Bacteria,Bacteria,Actinobacteria,Actinobacteria,Actinomycetales,Streptomycetaceae,Streptomyces,aculeolatus,Streptomyces_aculeolatus,0,0,0,1,0,0
Bacteria,Bacteria,Actinobacteria,Actinobacteria,Actinomycetales,Streptomycetaceae,Streptomyces,indigoferus,Streptomyces_indigoferus,0,0,0,0,2,0
Bacteria,Bacteria,Actinobacteria,Actinobacteria,Actinomycetales,Streptomycetaceae,Streptomyces,lavendulae,Streptomyces_lavendulae,0,0,0,0,1,0
Bacteria,Bacteria,Actinobacteria,Actinobacteria,Actinomycetales,Streptomycetaceae,Streptomyces,mirabilis,Streptomyces_mirabilis,0,0,1,51,34,45
Bacteria,Bacteria,Actinobacteria,Actinobacteria,Actinomycetales,Streptomycetaceae,Streptomyces,radiopugnans,Streptomyces_radiopugnans,0,0,0,2,3,1
Bacteria,Bacteria,Actinobacteria,Actinobacteria,Actinomycetales,Streptomycetaceae,Streptomyces,roseoviridis,Streptomyces_roseoviridis,0,0,0,1,0,1
Bacteria,Bacteria,Actinobacteria,Actinobacteria,Actinomycetales,Streptomycetaceae,Streptomyces,rubrolavendulae,Streptomyces_rubrolavendulae,0,0,0,1,0,0
Bacteria,Bacteria,Actinobacteria,Actinobacteria,Actinomycetales,Streptomycetaceae,Streptomyces,scabrisporus,Streptomyces_scabrisporus,0,0,0,1,0,1
Bacteria,Bacteria,Actinobacteria,Actinobacteria,Actinomycetales,Streptomycetaceae,Streptomyces,toxytricini,Streptomyces_toxytricini,0,0,0,2,0,0
Bacteria,Bacteria,Actinobacteria,Actinobacteria,Actinomycetales,Streptosporangiaceae,Herbidospora,cretacea,Herbidospora_cretacea,0,0,0,1,2,0
Bacteria,Bacteria,Actinobacteria,Actinobacteria,Actinomycetales,Streptosporangiaceae,Microbispora,mesophila,Microbispora_mesophila,0,0,0,4,2,2
Bacteria,Bacteria,Actinobacteria,Actinobacteria,Actinomycetales,Streptosporangiaceae,Nonomuraea,soli,Nonomuraea_soli,0,0,0,4,1,0
Bacteria,Bacteria,Actinobacteria,Actinobacteria,Actinomycetales,Streptosporangiaceae,Planomonospora,venezuelensis,Planomonospora_venezuelensis,0,0,0,3,1,0
Bacteria,Bacteria,Actinobacteria,Actinobacteria,Actinomycetales,Streptosporangiaceae,Streptosporangium,pseudovulgare,Streptosporangium_pseudovulgare,0,0,0,1,0,0
Bacteria,Bacteria,Actinobacteria,Actinobacteria,Actinomycetales,Thermomonosporaceae,Actinomadura,namibiensis,Actinomadura_namibiensis,0,0,0,7,4,2
Bacteria,Bacteria,Actinobacteria,Actinobacteria,Actinomycetales,Thermomonosporaceae,Actinomadura,vinacea,Actinomadura_vinacea,0,0,0,0,3,1
Bacteria,Bacteria,Actinobacteria,Actinobacteria,Actinomycetales,Tsukamurellaceae,Gordonia,kroppenstedtii,Gordonia_kroppenstedtii,0,0,0,3,2,1
Bacteria,Bacteria,Actinobacteria,Actinobacteria,Actinomycetales,Williamsiaceae,Williamsia,serinedens,Williamsia_serinedens,0,0,0,0,0,1
Bacteria,Bacteria,Actinobacteria,Actinobacteria,Actinomycetales,Yaniellaceae,Auritibacter,ignavus,Auritibacter_ignavus,0,0,0,0,1,0
Bacteria,Bacteria,Actinobacteria,Actinobacteria,Bifidobacteriales,Bifidobacteriaceae,Aeriscardovia,aeriphila,Aeriscardovia_aeriphila,0,0,0,1,0,0
Bacteria,Bacteria,Actinobacteria,Actinobacteria,Bifidobacteriales,Bifidobacteriaceae,Bifidobacterium,adolescentis,Bifidobacterium_adolescentis,2,2,3,496,419,348
Bacteria,Bacteria,Actinobacteria,Actinobacteria,Bifidobacteriales,Bifidobacteriaceae,Bifidobacterium,animalis,Bifidobacterium_animalis,0,0,0,3,4,5
Bacteria,Bacteria,Actinobacteria,Actinobacteria,Bifidobacteriales,Bifidobacteriaceae,Bifidobacterium,bifidum,Bifidobacterium_bifidum,0,0,0,37,28,28
Bacteria,Bacteria,Actinobacteria,Actinobacteria,Bifidobacteriales,Bifidobacteriaceae,Bifidobacterium,breve,Bifidobacterium_breve,0,0,0,4,7,4
Bacteria,Bacteria,Actinobacteria,Actinobacteria,Bifidobacteriales,Bifidobacteriaceae,Bifidobacterium,longum,Bifidobacterium_longum,0,0,0,325,300,284
Bacteria,Bacteria,Actinobacteria,Actinobacteria,Bifidobacteriales,Bifidobacteriaceae,Bifidobacterium,pseudolongum,Bifidobacterium_pseudolongum,0,0,0,4,4,10
Bacteria,Bacteria,Actinobacteria,Coriobacteriia,Coriobacteriales,Coriobacteriaceae,Atopobium,vaginae,Atopobium_vaginae,0,1,0,2,0,1
Bacteria,Bacteria,Actinobacteria,Coriobacteriia,Coriobacteriales,Coriobacteriaceae,Collinsella,aerofaciens,Collinsella_aerofaciens,0,1,1,80,62,63
Bacteria,Bacteria,Actinobacteria,Coriobacteriia,Coriobacteriales,Coriobacteriaceae,Collinsella,stercoris,Collinsella_stercoris,0,0,0,3,4,4
Bacteria,Bacteria,Actinobacteria,Coriobacteriia,Coriobacteriales,Coriobacteriaceae,Eggerthella,lenta,Eggerthella_lenta,0,0,0,6,9,4
Bacteria,Bacteria,Bacteroidetes,Bacteroidia,Bacteroidales,Bacteroidaceae,Bacteroides,acidifaciens,Bacteroides_acidifaciens,0,0,0,0,0,1
Bacteria,Bacteria,Bacteroidetes,Bacteroidia,Bacteroidales,Bacteroidaceae,Bacteroides,caccae,Bacteroides_caccae,0,0,0,1,1,0
Bacteria,Bacteria,Bacteroidetes,Bacteroidia,Bacteroidales,Bacteroidaceae,Bacteroides,coprophilus,Bacteroides_coprophilus,0,0,0,2,1,1
Bacteria,Bacteria,Bacteroidetes,Bacteroidia,Bacteroidales,Bacteroidaceae,Bacteroides,eggerthii,Bacteroides_eggerthii,0,0,0,3,0,0
Bacteria,Bacteria,Bacteroidetes,Bacteroidia,Bacteroidales,Bacteroidaceae,Bacteroides,fragilis,Bacteroides_fragilis,0,0,0,1,0,1
Bacteria,Bacteria,Bacteroidetes,Bacteroidia,Bacteroidales,Bacteroidaceae,Bacteroides,ovatus,Bacteroides_ovatus,0,0,0,2,1,3
Bacteria,Bacteria,Bacteroidetes,Bacteroidia,Bacteroidales,Bacteroidaceae,Bacteroides,plebeius,Bacteroides_plebeius,0,0,0,2,2,1
Bacteria,Bacteria,Bacteroidetes,Bacteroidia,Bacteroidales,Bacteroidaceae,Bacteroides,uniformis,Bacteroides_uniformis,1,1,2,9,20,19
Bacteria,Bacteria,Bacteroidetes,Bacteroidia,Bacteroidales,Marinilabiaceae,Cytophaga,xylanolytica,Cytophaga_xylanolytica,0,0,0,3,5,2
Bacteria,Bacteria,Bacteroidetes,Bacteroidia,Bacteroidales,Porphyromonadaceae,Dysgonomonas,gadei,Dysgonomonas_gadei,0,0,0,1,1,0
Bacteria,Bacteria,Bacteroidetes,Bacteroidia,Bacteroidales,Porphyromonadaceae,Parabacteroides,distasonis,Parabacteroides_distasonis,0,0,0,5,10,6
Bacteria,Bacteria,Bacteroidetes,Bacteroidia,Bacteroidales,Prevotellaceae,Prevotella,copri,Prevotella_copri,4,3,1,98,101,102
Bacteria,Bacteria,Bacteroidetes,Bacteroidia,Bacteroidales,Prevotellaceae,Prevotella,melaninogenica,Prevotella_melaninogenica,0,0,0,16,19,9
Bacteria,Bacteria,Bacteroidetes,Bacteroidia,Bacteroidales,Prevotellaceae,Prevotella,stercorea,Prevotella_stercorea,1,0,0,7,6,7
Bacteria,Bacteria,Bacteroidetes,Flavobacteriia,Flavobacteriales,Cryomorphaceae,Cryomorpha,ignava,Cryomorpha_ignava,0,0,0,4,3,0
Bacteria,Bacteria,Bacteroidetes,Flavobacteriia,Flavobacteriales,Flavobacteriaceae,Capnocytophaga,ochracea,Capnocytophaga_ochracea,0,0,0,2,2,0
Bacteria,Bacteria,Bacteroidetes,Flavobacteriia,Flavobacteriales,Flavobacteriaceae,Cellulophaga,lytica,Cellulophaga_lytica,0,0,0,2,3,1
Bacteria,Bacteria,Bacteroidetes,Flavobacteriia,Flavobacteriales,Flavobacteriaceae,Flavobacterium,columnare,Flavobacterium_columnare,0,0,0,12,16,19
Bacteria,Bacteria,Bacteroidetes,Flavobacteriia,Flavobacteriales,Flavobacteriaceae,Flavobacterium,frigidarium,Flavobacterium_frigidarium,0,0,0,9,5,6
Bacteria,Bacteria,Bacteroidetes,Flavobacteriia,Flavobacteriales,Flavobacteriaceae,Flavobacterium,gelidilacus,Flavobacterium_gelidilacus,0,0,1,20,18,20
Bacteria,Bacteria,Bacteroidetes,Flavobacteriia,Flavobacteriales,Flavobacteriaceae,Flavobacterium,succinicans,Flavobacterium_succinicans,1,1,2,96,85,79
Bacteria,Bacteria,Bacteroidetes,Flavobacteriia,Flavobacteriales,Flavobacteriaceae,Lutibacter,maritimus,Lutibacter_maritimus,0,0,0,1,0,1
Bacteria,Bacteria,Bacteroidetes,Flavobacteriia,Flavobacteriales,Flavobacteriaceae,Myroides,odoratimimus,Myroides_odoratimimus,0,0,0,0,1,1
Bacteria,Bacteria,Bacteroidetes,Flavobacteriia,Flavobacteriales,Weeksellaceae,Weeksella,virosa,Weeksella_virosa,0,0,0,1,0,0
Bacteria,Bacteria,Bacteroidetes,Sphingobacteriia,Sphingobacteriales,Sphingobacteriaceae,Pedobacter,terricola,Pedobacter_terricola,0,0,0,1,0,0
Bacteria,Bacteria,Bacteroidetes,Sphingobacteriia,Sphingobacteriales,Sphingobacteriaceae,Sphingobacterium,faecium,Sphingobacterium_faecium,0,0,0,1,1,0
Bacteria,Bacteria,Bacteroidetes,Sphingobacteriia,Sphingobacteriales,Sphingobacteriaceae,Sphingobacterium,mizutaii,Sphingobacterium_mizutaii,0,0,0,0,1,0
Bacteria,Bacteria,Bacteroidetes,Sphingobacteriia,Sphingobacteriales,Sphingobacteriaceae,Sphingobacterium,multivorum,Sphingobacterium_multivorum,0,0,0,1,3,1
Bacteria,Bacteria,Bacteroidetes,Saprospirae,Saprospirales,Saprospiraceae,Lewinella,cohaerens,Lewinella_cohaerens,0,0,0,2,1,3
Bacteria,Bacteria,Bacteroidetes,Saprospirae,Saprospirales,Saprospiraceae,Lewinella,nigricans,Lewinella_nigricans,0,0,0,3,1,0
Bacteria,Bacteria,Bacteroidetes,Saprospirae,Saprospirales,Saprospiraceae,Lewinella,persicus,Lewinella_persicus,0,0,0,1,0,1
Bacteria,Bacteria,Bacteroidetes,Saprospirae,Saprospirales,Saprospiraceae,Portibacter,lacus,Portibacter_lacus,0,0,0,0,1,0
Bacteria,Bacteria,Bacteroidetes,Saprospirae,Saprospirales,Saprospiraceae,Rubidimonas,crustatorum,Rubidimonas_crustatorum,0,0,0,0,0,1
Bacteria,Bacteria,Chlamydiae,Chlamydiia,Chlamydiales,Criblamydiaceae,Criblamydia,sequanensis,Criblamydia_sequanensis,0,0,0,1,0,0
Bacteria,Bacteria,Chlamydiae,Chlamydiia,Chlamydiales,Criblamydiaceae,Estrella,lausannensis,Estrella_lausannensis,0,0,0,2,0,3
Bacteria,Bacteria,Chlamydiae,Chlamydiia,Chlamydiales,Parachlamydiaceae,Parachlamydia,acanthamoebae,Parachlamydia_acanthamoebae,0,0,0,6,5,4
Bacteria,Bacteria,Chloroflexi,Anaerolineae,Anaerolineales,Anaerolinaceae,Anaerolinea,thermolimosa,Anaerolinea_thermolimosa,0,0,0,1,0,0
Bacteria,Bacteria,Chloroflexi,Anaerolineae,Anaerolineales,Anaerolinaceae,Anaerolinea,thermophila,Anaerolinea_thermophila,0,0,0,0,0,1
Bacteria,Bacteria,Chloroflexi,Anaerolineae,Anaerolineales,Anaerolinaceae,Levilinea,saccharolytica,Levilinea_saccharolytica,0,0,0,0,1,0
Bacteria,Bacteria,Chloroflexi,Anaerolineae,Caldilineales,Caldilineaceae,Litorilinea,aerophila,Litorilinea_aerophila,0,0,0,12,12,12
Bacteria,Bacteria,Cyanobacteria,Nostocophycideae,Nostocales,Nostocaceae,Cylindrospermopsis,raciborskii,Cylindrospermopsis_raciborskii,0,0,0,0,1,0
Bacteria,Bacteria,Cyanobacteria,Nostocophycideae,Nostocales,Nostocaceae,Nodularia,sphaerocarpa,Nodularia_sphaerocarpa,0,0,0,1,0,0
Bacteria,Bacteria,Cyanobacteria,Nostocophycideae,Nostocales,Nostocaceae,Stigonema,ocellatum,Stigonema_ocellatum,0,0,0,1,2,2
Bacteria,Bacteria,Cyanobacteria,Oscillatoriophycideae,Chroococcales,Xenococcaceae,Chroococcidiopsis,polansiana,Chroococcidiopsis_polansiana,0,0,0,0,1,0
Bacteria,Bacteria,Cyanobacteria,Oscillatoriophycideae,Chroococcales,Xenococcaceae,Pleurocapsa,concharum,Pleurocapsa_concharum,0,0,0,0,1,0
Bacteria,Bacteria,Cyanobacteria,Oscillatoriophycideae,Oscillatoriales,Phormidiaceae,Oscillatoria,margaritifera,Oscillatoria_margaritifera,0,0,0,1,0,0
Bacteria,Bacteria,Cyanobacteria,Oscillatoriophycideae,Oscillatoriales,Phormidiaceae,Phormidium,animale,Phormidium_animale,0,0,0,1,3,0
Bacteria,Bacteria,Cyanobacteria,Oscillatoriophycideae,Oscillatoriales,Phormidiaceae,Phormidium,murrayii,Phormidium_murrayii,0,0,0,1,0,0
Bacteria,Bacteria,Fibrobacteres,Fibrobacteria,Fibrobacterales,Fibrobacteraceae,Fibrobacter,succinogenes,Fibrobacter_succinogenes,0,0,1,3,4,1
Bacteria,Bacteria,Firmicutes,Bacilli,Bacillales,Alicyclobacillaceae,Alicyclobacillus,pomorum,Alicyclobacillus_pomorum,0,0,0,1,2,0
Bacteria,Bacteria,Firmicutes,Bacilli,Bacillales,Bacillaceae,Anoxybacillus,kestanbolensis,Anoxybacillus_kestanbolensis,0,0,0,2,0,1
Bacteria,Bacteria,Firmicutes,Bacilli,Bacillales,Bacillaceae,Bacillus,cereus,Bacillus_cereus,0,0,0,1,0,1
Bacteria,Bacteria,Firmicutes,Bacilli,Bacillales,Bacillaceae,Bacillus,coahuilensis,Bacillus_coahuilensis,0,0,1,0,0,0
Bacteria,Bacteria,Firmicutes,Bacilli,Bacillales,Bacillaceae,Bacillus,foraminis,Bacillus_foraminis,0,0,0,2,0,0
Bacteria,Bacteria,Firmicutes,Bacilli,Bacillales,Bacillaceae,Bacillus,ginsengihumi,Bacillus_ginsengihumi,0,0,0,0,0,1
Bacteria,Bacteria,Firmicutes,Bacilli,Bacillales,Bacillaceae,Bacillus,muralis,Bacillus_muralis,0,0,0,2,4,3
Bacteria,Bacteria,Firmicutes,Bacilli,Bacillales,Bacillaceae,Natribacillus,halophilus,Natribacillus_halophilus,0,0,0,2,1,2
Bacteria,Bacteria,Firmicutes,Bacilli,Bacillales,Bacillaceae,Ornithinibacillus,scapharcae,Ornithinibacillus_scapharcae,0,0,0,0,3,3
Bacteria,Bacteria,Firmicutes,Bacilli,Bacillales,Paenibacillaceae,Brevibacillus,laterosporus,Brevibacillus_laterosporus,0,0,0,2,1,2
Bacteria,Bacteria,Firmicutes,Bacilli,Bacillales,Paenibacillaceae,Brevibacillus,reuszeri,Brevibacillus_reuszeri,0,0,0,2,1,2
Bacteria,Bacteria,Firmicutes,Bacilli,Bacillales,Paenibacillaceae,Paenibacillus,stellifer,Paenibacillus_stellifer,0,0,0,1,0,0
Bacteria,Bacteria,Firmicutes,Bacilli,Bacillales,Planococcaceae,Planococcus,maitriensis,Planococcus_maitriensis,0,0,0,0,1,0
Bacteria,Bacteria,Firmicutes,Bacilli,Bacillales,Planococcaceae,Sporosarcina,ginsengi,Sporosarcina_ginsengi,0,0,0,0,1,1
Bacteria,Bacteria,Firmicutes,Bacilli,Bacillales,Staphylococcaceae,Macrococcus,caseolyticus,Macrococcus_caseolyticus,0,0,0,1,3,0
Bacteria,Bacteria,Firmicutes,Bacilli,Bacillales,Staphylococcaceae,Staphylococcus,aureus,Staphylococcus_aureus,0,0,0,4,2,5
Bacteria,Bacteria,Firmicutes,Bacilli,Bacillales,Staphylococcaceae,Staphylococcus,epidermidis,Staphylococcus_epidermidis,0,0,0,1,4,1
Bacteria,Bacteria,Firmicutes,Bacilli,Bacillales,Staphylococcaceae,Staphylococcus,equorum,Staphylococcus_equorum,0,0,0,1,0,0
Bacteria,Bacteria,Firmicutes,Bacilli,Bacillales,Staphylococcaceae,Staphylococcus,lugdunensis,Staphylococcus_lugdunensis,0,0,0,0,0,1
Bacteria,Bacteria,Firmicutes,Bacilli,Bacillales,Staphylococcaceae,Staphylococcus,sciuri,Staphylococcus_sciuri,0,0,0,2,0,0
Bacteria,Bacteria,Firmicutes,Bacilli,Bacillales,Staphylococcaceae,Staphylococcus,succinus,Staphylococcus_succinus,0,0,0,6,4,1
Bacteria,Bacteria,Firmicutes,Bacilli,Lactobacillales,Aerococcaceae,Alkalibacterium,iburiense,Alkalibacterium_iburiense,0,0,0,0,1,0
Bacteria,Bacteria,Firmicutes,Bacilli,Lactobacillales,Aerococcaceae,Granulicatella,balaenopterae,Granulicatella_balaenopterae,0,0,0,0,1,0
Bacteria,Bacteria,Firmicutes,Bacilli,Lactobacillales,Carnobacteriaceae,Carnobacterium,viridans,Carnobacterium_viridans,0,0,0,4,1,1
Bacteria,Bacteria,Firmicutes,Bacilli,Lactobacillales,Carnobacteriaceae,Isobaculum,melis,Isobaculum_melis,0,0,0,1,0,0
Bacteria,Bacteria,Firmicutes,Bacilli,Lactobacillales,Enterococcaceae,Enterococcus,casseliflavus,Enterococcus_casseliflavus,0,0,0,1,2,0
Bacteria,Bacteria,Firmicutes,Bacilli,Lactobacillales,Enterococcaceae,Enterococcus,cecorum,Enterococcus_cecorum,0,0,0,2,2,1
Bacteria,Bacteria,Firmicutes,Bacilli,Lactobacillales,Enterococcaceae,Enterococcus,haemoperoxidus,Enterococcus_haemoperoxidus,0,0,0,3,3,3
Bacteria,Bacteria,Firmicutes,Bacilli,Lactobacillales,Lactobacillaceae,Lactobacillus,brevis,Lactobacillus_brevis,0,0,0,8,9,9
Bacteria,Bacteria,Firmicutes,Bacilli,Lactobacillales,Lactobacillaceae,Lactobacillus,delbrueckii,Lactobacillus_delbrueckii,0,0,0,0,1,0
Bacteria,Bacteria,Firmicutes,Bacilli,Lactobacillales,Lactobacillaceae,Lactobacillus,iners,Lactobacillus_iners,0,0,0,9,7,7
Bacteria,Bacteria,Firmicutes,Bacilli,Lactobacillales,Lactobacillaceae,Lactobacillus,manihotivorans,Lactobacillus_manihotivorans,0,0,0,10,9,8
Bacteria,Bacteria,Firmicutes,Bacilli,Lactobacillales,Lactobacillaceae,Lactobacillus,mucosae,Lactobacillus_mucosae,0,0,0,7,3,2
Bacteria,Bacteria,Firmicutes,Bacilli,Lactobacillales,Lactobacillaceae,Lactobacillus,paralimentarius,Lactobacillus_paralimentarius,0,0,0,2,1,0
Bacteria,Bacteria,Firmicutes,Bacilli,Lactobacillales,Lactobacillaceae,Lactobacillus,plantarum,Lactobacillus_plantarum,0,0,0,1,2,4
Bacteria,Bacteria,Firmicutes,Bacilli,Lactobacillales,Lactobacillaceae,Lactobacillus,reuteri,Lactobacillus_reuteri,0,0,0,1,1,2
Bacteria,Bacteria,Firmicutes,Bacilli,Lactobacillales,Lactobacillaceae,Lactobacillus,ruminis,Lactobacillus_ruminis,0,0,0,12,14,13
Bacteria,Bacteria,Firmicutes,Bacilli,Lactobacillales,Lactobacillaceae,Lactobacillus,salivarius,Lactobacillus_salivarius,0,0,0,2,0,2
Bacteria,Bacteria,Firmicutes,Bacilli,Lactobacillales,Lactobacillaceae,Lactobacillus,vaginalis,Lactobacillus_vaginalis,0,0,0,1,0,2
Bacteria,Bacteria,Firmicutes,Bacilli,Lactobacillales,Lactobacillaceae,Lactobacillus,zeae,Lactobacillus_zeae,0,0,0,1,2,3
Bacteria,Bacteria,Firmicutes,Bacilli,Lactobacillales,Lactobacillaceae,Pediococcus,acidilactici,Pediococcus_acidilactici,0,0,0,2,1,0
Bacteria,Bacteria,Firmicutes,Bacilli,Lactobacillales,Leuconostocaceae,Weissella,cibaria,Weissella_cibaria,0,0,0,1,1,1
Bacteria,Bacteria,Firmicutes,Bacilli,Lactobacillales,Streptococcaceae,Lactococcus,garvieae,Lactococcus_garvieae,0,0,0,0,0,1
Bacteria,Bacteria,Firmicutes,Bacilli,Lactobacillales,Streptococcaceae,Streptococcus,agalactiae,Streptococcus_agalactiae,0,0,0,0,1,0
Bacteria,Bacteria,Firmicutes,Bacilli,Lactobacillales,Streptococcaceae,Streptococcus,anginosus,Streptococcus_anginosus,0,0,0,2,1,1
Bacteria,Bacteria,Firmicutes,Bacilli,Lactobacillales,Streptococcaceae,Streptococcus,infantis,Streptococcus_infantis,0,0,0,3,1,3
Bacteria,Bacteria,Firmicutes,Bacilli,Lactobacillales,Streptococcaceae,Streptococcus,luteciae,Streptococcus_luteciae,0,0,0,5,11,6
Bacteria,Bacteria,Firmicutes,Bacilli,Lactobacillales,Streptococcaceae,Streptococcus,minor,Streptococcus_minor,0,0,0,42,38,22
Bacteria,Bacteria,Firmicutes,Bacilli,Lactobacillales,Streptococcaceae,Streptococcus,sobrinus,Streptococcus_sobrinus,0,0,0,0,1,0
Bacteria,Bacteria,Firmicutes,Clostridia,Clostridiales,Clostridiaceae,Alkaliphilus,transvaalensis,Alkaliphilus_transvaalensis,0,0,0,0,0,1
Bacteria,Bacteria,Firmicutes,Clostridia,Clostridiales,Clostridiaceae,Clostridium,acetobutylicum,Clostridium_acetobutylicum,0,0,0,1,0,0
Bacteria,Bacteria,Firmicutes,Clostridia,Clostridiales,Clostridiaceae,Clostridium,butyricum,Clostridium_butyricum,0,0,0,2,4,5
Bacteria,Bacteria,Firmicutes,Clostridia,Clostridiales,Clostridiaceae,Clostridium,celatum,Clostridium_celatum,0,1,0,0,1,0
Bacteria,Bacteria,Firmicutes,Clostridia,Clostridiales,Clostridiaceae,Clostridium,gasigenes,Clostridium_gasigenes,0,0,0,0,6,2
Bacteria,Bacteria,Firmicutes,Clostridia,Clostridiales,Clostridiaceae,Clostridium,hiranonis,Clostridium_hiranonis,0,0,0,4,1,0
Bacteria,Bacteria,Firmicutes,Clostridia,Clostridiales,Clostridiaceae,Clostridium,intestinale,Clostridium_intestinale,0,0,0,17,9,13
Bacteria,Bacteria,Firmicutes,Clostridia,Clostridiales,Clostridiaceae,Clostridium,neonatale,Clostridium_neonatale,0,0,0,0,3,1
Bacteria,Bacteria,Firmicutes,Clostridia,Clostridiales,Clostridiaceae,Clostridium,perfringens,Clostridium_perfringens,0,1,0,44,52,50
Bacteria,Bacteria,Firmicutes,Clostridia,Clostridiales,Clostridiaceae,Clostridium,tyrobutyricum,Clostridium_tyrobutyricum,0,0,0,0,2,1
Bacteria,Bacteria,Firmicutes,Clostridia,Clostridiales,Lachnospiraceae,Blautia,obeum,Blautia_obeum,0,0,2,62,54,53
Bacteria,Bacteria,Firmicutes,Clostridia,Clostridiales,Lachnospiraceae,Blautia,producta,Blautia_producta,0,0,1,152,123,122
Bacteria,Bacteria,Firmicutes,Clostridia,Clostridiales,Lachnospiraceae,Clostridium,fimetarium,Clostridium_fimetarium,0,0,0,0,1,0
Bacteria,Bacteria,Firmicutes,Clostridia,Clostridiales,Lachnospiraceae,Clostridium,piliforme,Clostridium_piliforme,0,0,0,0,0,1
Bacteria,Bacteria,Firmicutes,Clostridia,Clostridiales,Lachnospiraceae,Coprococcus,catus,Coprococcus_catus,0,0,0,2,0,2
Bacteria,Bacteria,Firmicutes,Clostridia,Clostridiales,Lachnospiraceae,Coprococcus,eutactus,Coprococcus_eutactus,0,0,1,32,23,17
Bacteria,Bacteria,Firmicutes,Clostridia,Clostridiales,Lachnospiraceae,Dorea,formicigenerans,Dorea_formicigenerans,0,0,0,45,45,22
Bacteria,Bacteria,Firmicutes,Clostridia,Clostridiales,Lachnospiraceae,Hespellia,stercorisuis,Hespellia_stercorisuis,0,0,0,4,2,0
Bacteria,Bacteria,Firmicutes,Clostridia,Clostridiales,Lachnospiraceae,Lachnospira,pectinoschiza,Lachnospira_pectinoschiza,0,0,0,0,1,0
Bacteria,Bacteria,Firmicutes,Clostridia,Clostridiales,Lachnospiraceae,Roseburia,faecis,Roseburia_faecis,0,0,0,13,12,10
Bacteria,Bacteria,Firmicutes,Clostridia,Clostridiales,Lachnospiraceae,Syntrophococcus,sucromutans,Syntrophococcus_sucromutans,0,0,0,4,2,1
Bacteria,Bacteria,Firmicutes,Clostridia,Clostridiales,Lachnospiraceae,Ruminococcus,gnavus,Ruminococcus_gnavus,0,0,1,368,306,276
Bacteria,Bacteria,Firmicutes,Clostridia,Clostridiales,Lachnospiraceae,Ruminococcus,torques,Ruminococcus_torques,0,0,0,6,6,9
Bacteria,Bacteria,Firmicutes,Clostridia,Clostridiales,Peptococcaceae,Desulfosporosinus,meridiei,Desulfosporosinus_meridiei,0,0,0,2,0,1
Bacteria,Bacteria,Firmicutes,Clostridia,Clostridiales,Peptostreptococcaceae,Clostridium,metallolevans,Clostridium_metallolevans,0,0,0,1,2,0
Bacteria,Bacteria,Firmicutes,Clostridia,Clostridiales,Peptostreptococcaceae,Clostridium,ruminantium,Clostridium_ruminantium,0,0,0,5,5,5
Bacteria,Bacteria,Firmicutes,Clostridia,Clostridiales,Peptostreptococcaceae,Clostridium,sticklandii,Clostridium_sticklandii,0,0,0,3,3,2
Bacteria,Bacteria,Firmicutes,Clostridia,Clostridiales,Peptostreptococcaceae,Clostridium,difficile,Clostridium_difficile,0,0,0,32,25,20
Bacteria,Bacteria,Firmicutes,Clostridia,Clostridiales,Ruminococcaceae,Clostridium,hungatei,Clostridium_hungatei,0,0,0,2,1,1
Bacteria,Bacteria,Firmicutes,Clostridia,Clostridiales,Ruminococcaceae,Clostridium,islandicum,Clostridium_islandicum,0,0,0,1,1,1
Bacteria,Bacteria,Firmicutes,Clostridia,Clostridiales,Ruminococcaceae,Faecalibacterium,prausnitzii,Faecalibacterium_prausnitzii,2,2,1,305,337,252
Bacteria,Bacteria,Firmicutes,Clostridia,Clostridiales,Ruminococcaceae,Ruminococcus,bromii,Ruminococcus_bromii,1,0,0,101,76,66
Bacteria,Bacteria,Firmicutes,Clostridia,Clostridiales,Ruminococcaceae,Ruminococcus,flavefaciens,Ruminococcus_flavefaciens,0,0,0,139,135,114
Bacteria,Bacteria,Firmicutes,Clostridia,Clostridiales,Veillonellaceae,Mitsuokella,multacida,Mitsuokella_multacida,0,0,0,6,2,2
Bacteria,Bacteria,Firmicutes,Clostridia,Clostridiales,Veillonellaceae,Propionispira,arboris,Propionispira_arboris,0,0,0,1,1,2
Bacteria,Bacteria,Firmicutes,Clostridia,Clostridiales,Veillonellaceae,Succinispira,mobilis,Succinispira_mobilis,0,0,1,2,3,4
Bacteria,Bacteria,Firmicutes,Clostridia,Clostridiales,Veillonellaceae,Veillonella,dispar,Veillonella_dispar,0,0,0,6,4,5
Bacteria,Bacteria,Firmicutes,Clostridia,Clostridiales,Veillonellaceae,Veillonella,parvula,Veillonella_parvula,0,0,0,5,4,3
Bacteria,Bacteria,Firmicutes,Clostridia,Thermoanaerobacterales,Caldicellulosiruptoraceae,Caldicellulosiruptor,saccharolyticus,Caldicellulosiruptor_saccharolyticus,0,0,0,0,3,1
Bacteria,Bacteria,Firmicutes,Erysipelotrichi,Erysipelotrichales,Erysipelotrichaceae,Clostridium,cocleatum,Clostridium_cocleatum,0,0,0,0,1,0
Bacteria,Bacteria,Firmicutes,Erysipelotrichi,Erysipelotrichales,Erysipelotrichaceae,Clostridium,saccharogumia,Clostridium_saccharogumia,0,0,1,0,0,3
Bacteria,Bacteria,Firmicutes,Erysipelotrichi,Erysipelotrichales,Erysipelotrichaceae,Coprobacillus,cateniformis,Coprobacillus_cateniformis,0,0,0,9,3,5
Bacteria,Bacteria,Firmicutes,Erysipelotrichi,Erysipelotrichales,Erysipelotrichaceae,Eubacterium,biforme,Eubacterium_biforme,0,0,1,190,152,163
Bacteria,Bacteria,Firmicutes,Erysipelotrichi,Erysipelotrichales,Erysipelotrichaceae,Eubacterium,cylindroides,Eubacterium_cylindroides,0,0,1,58,56,37
Bacteria,Bacteria,Firmicutes,Erysipelotrichi,Erysipelotrichales,Erysipelotrichaceae,Eubacterium,dolichum,Eubacterium_dolichum,0,0,0,7,8,3
Bacteria,Bacteria,Fusobacteria,Fusobacteriia,Fusobacteriales,Leptotrichiaceae,Sebaldella,termitidis,Sebaldella_termitidis,0,0,0,6,5,3
Bacteria,Bacteria,Fusobacteria,Fusobacteriia,Fusobacteriales,Leptotrichiaceae,Streptobacillus,moniliformis,Streptobacillus_moniliformis,1,0,0,1,0,1
Bacteria,Bacteria,Lentisphaerae,Lentisphaeria,Victivallales,Victivallaceae,Victivallis,vadensis,Victivallis_vadensis,0,0,0,1,0,0
Bacteria,Bacteria,Nitrospirae,Nitrospira,Nitrospirales,Nitrospiraceae,Nitrospira,calida,Nitrospira_calida,0,0,0,2,3,3
Bacteria,Bacteria,Planctomycetes,Planctomycetia,Gemmatales,Gemmataceae,Gemmata,obscuriglobus,Gemmata_obscuriglobus,0,0,0,0,1,0
Bacteria,Bacteria,Planctomycetes,Planctomycetia,Gemmatales,Isosphaeraceae,Nostocoida,limicola,Nostocoida_limicola,0,0,0,5,6,2
Bacteria,Bacteria,Proteobacteria,Alphaproteobacteria,Caulobacterales,Caulobacteraceae,Brevundimonas,diminuta,Brevundimonas_diminuta,0,0,0,3,2,1
Bacteria,Bacteria,Proteobacteria,Alphaproteobacteria,Caulobacterales,Caulobacteraceae,Brevundimonas,poindexterae,Brevundimonas_poindexterae,0,0,0,1,0,0
Bacteria,Bacteria,Proteobacteria,Alphaproteobacteria,Caulobacterales,Caulobacteraceae,Caulobacter,henricii,Caulobacter_henricii,0,0,0,0,0,2
Bacteria,Bacteria,Proteobacteria,Alphaproteobacteria,Rhizobiales,Beijerinckiaceae,Chelatococcus,asaccharovorans,Chelatococcus_asaccharovorans,0,0,0,1,0,1
Bacteria,Bacteria,Proteobacteria,Alphaproteobacteria,Rhizobiales,Bradyrhizobiaceae,Afipia,felis,Afipia_felis,0,0,0,2,0,0
Bacteria,Bacteria,Proteobacteria,Alphaproteobacteria,Rhizobiales,Bradyrhizobiaceae,Bradyrhizobium,elkanii,Bradyrhizobium_elkanii,0,0,0,1,6,2
Bacteria,Bacteria,Proteobacteria,Alphaproteobacteria,Rhizobiales,Bradyrhizobiaceae,Pseudomonas,carboxydohydrogena,Pseudomonas_carboxydohydrogena,1,2,0,15,11,12
Bacteria,Bacteria,Proteobacteria,Alphaproteobacteria,Rhizobiales,Brucellaceae,Ochrobactrum,gallinifaecis,Ochrobactrum_gallinifaecis,0,0,0,1,1,0
Bacteria,Bacteria,Proteobacteria,Alphaproteobacteria,Rhizobiales,Brucellaceae,Paenochrobactrum,glaciei,Paenochrobactrum_glaciei,0,0,0,1,0,0
Bacteria,Bacteria,Proteobacteria,Alphaproteobacteria,Rhizobiales,Hyphomicrobiaceae,Hyphomicrobium,sulfonivorans,Hyphomicrobium_sulfonivorans,0,0,0,1,0,1
Bacteria,Bacteria,Proteobacteria,Alphaproteobacteria,Rhizobiales,Hyphomicrobiaceae,Hyphomicrobium,zavarzinii,Hyphomicrobium_zavarzinii,0,0,1,29,23,24
Bacteria,Bacteria,Proteobacteria,Alphaproteobacteria,Rhizobiales,Hyphomicrobiaceae,Pannonibacter,phragmitetus,Pannonibacter_phragmitetus,0,1,2,0,0,0
Bacteria,Bacteria,Proteobacteria,Alphaproteobacteria,Rhizobiales,Hyphomicrobiaceae,Pedomicrobium,australicum,Pedomicrobium_australicum,0,0,1,14,11,13
Bacteria,Bacteria,Proteobacteria,Alphaproteobacteria,Rhizobiales,Hyphomicrobiaceae,Rhodobium,orientis,Rhodobium_orientis,0,0,0,1,0,0
Bacteria,Bacteria,Proteobacteria,Alphaproteobacteria,Rhizobiales,Hyphomicrobiaceae,Rhodoplanes,elegans,Rhodoplanes_elegans,0,0,0,3,1,2
Bacteria,Bacteria,Proteobacteria,Alphaproteobacteria,Rhizobiales,Methylobacteriaceae,Methylobacterium,adhaesivum,Methylobacterium_adhaesivum,0,0,0,1,2,1
Bacteria,Bacteria,Proteobacteria,Alphaproteobacteria,Rhizobiales,Methylobacteriaceae,Methylobacterium,organophilum,Methylobacterium_organophilum,0,0,0,0,0,2
Bacteria,Bacteria,Proteobacteria,Alphaproteobacteria,Rhizobiales,Phyllobacteriaceae,Aquamicrobium,aerolatum,Aquamicrobium_aerolatum,0,0,0,0,0,1
Bacteria,Bacteria,Proteobacteria,Alphaproteobacteria,Rhizobiales,Phyllobacteriaceae,Nitratireductor,pacificus,Nitratireductor_pacificus,0,0,1,0,0,0
Bacteria,Bacteria,Proteobacteria,Alphaproteobacteria,Rhizobiales,Rhizobiaceae,Agrobacterium,undicola,Agrobacterium_undicola,0,0,0,3,1,6
Bacteria,Bacteria,Proteobacteria,Alphaproteobacteria,Rhizobiales,Rhizobiaceae,CandidatusLiberibacter,americanus,CandidatusLiberibacter_americanus,0,0,0,0,1,0
Bacteria,Bacteria,Proteobacteria,Alphaproteobacteria,Rhizobiales,Rhizobiaceae,Rhizobium,leguminosarum,Rhizobium_leguminosarum,0,0,0,29,23,23
Bacteria,Bacteria,Proteobacteria,Alphaproteobacteria,Rhizobiales,Xanthobacteraceae,Azorhizobium,doebereinerae,Azorhizobium_doebereinerae,0,0,0,2,0,0
Bacteria,Bacteria,Proteobacteria,Alphaproteobacteria,Rhizobiales,Xanthobacteraceae,Methylorhabdus,multivorans,Methylorhabdus_multivorans,0,0,0,1,0,0
Bacteria,Bacteria,Proteobacteria,Alphaproteobacteria,Rhizobiales,Xanthobacteraceae,Xanthobacter,autotrophicus,Xanthobacter_autotrophicus,0,0,0,0,2,2
Bacteria,Bacteria,Proteobacteria,Alphaproteobacteria,Rhodobacterales,Rhodobacteraceae,Albidovulum,inexpectatum,Albidovulum_inexpectatum,0,0,0,0,1,2
Bacteria,Bacteria,Proteobacteria,Alphaproteobacteria,Rhodobacterales,Rhodobacteraceae,Antarcticicola,litoralis,Antarcticicola_litoralis,0,0,0,0,0,1
Bacteria,Bacteria,Proteobacteria,Alphaproteobacteria,Rhodobacterales,Rhodobacteraceae,Maritimibacter,alkaliphilus,Maritimibacter_alkaliphilus,0,0,0,2,1,1
Bacteria,Bacteria,Proteobacteria,Alphaproteobacteria,Rhodobacterales,Rhodobacteraceae,Oceanicola,granulosus,Oceanicola_granulosus,0,0,0,1,2,2
Bacteria,Bacteria,Proteobacteria,Alphaproteobacteria,Rhodobacterales,Rhodobacteraceae,Paracoccus,aminovorans,Paracoccus_aminovorans,0,1,0,32,19,21
Bacteria,Bacteria,Proteobacteria,Alphaproteobacteria,Rhodobacterales,Rhodobacteraceae,Paracoccus,kawasakiensis,Paracoccus_kawasakiensis,0,0,0,6,0,0
Bacteria,Bacteria,Proteobacteria,Alphaproteobacteria,Rhodobacterales,Rhodobacteraceae,Paracoccus,marcusii,Paracoccus_marcusii,0,1,1,35,28,28
Bacteria,Bacteria,Proteobacteria,Alphaproteobacteria,Rhodobacterales,Rhodobacteraceae,Piezobacter,thermophilus,Piezobacter_thermophilus,0,0,0,0,1,0
Bacteria,Bacteria,Proteobacteria,Alphaproteobacteria,Rhodobacterales,Rhodobacteraceae,Rhodobacter,sphaeroides,Rhodobacter_sphaeroides,0,0,0,2,1,1
Bacteria,Bacteria,Proteobacteria,Alphaproteobacteria,Rhodobacterales,Rhodobacteraceae,Roseisalinus,antarcticus,Roseisalinus_antarcticus,0,0,0,10,9,9
Bacteria,Bacteria,Proteobacteria,Alphaproteobacteria,Rhodobacterales,Rhodobacteraceae,Sulfitobacter,pontiacus,Sulfitobacter_pontiacus,0,0,0,0,1,0
Bacteria,Bacteria,Proteobacteria,Alphaproteobacteria,Rhodobacterales,Rhodobacteraceae,Wenxinia,marina,Wenxinia_marina,0,0,0,0,1,0
Bacteria,Bacteria,Proteobacteria,Alphaproteobacteria,Rhodospirillales,Acetobacteraceae,Acidisphaera,rubrifaciens,Acidisphaera_rubrifaciens,0,0,0,1,1,3
Bacteria,Bacteria,Proteobacteria,Alphaproteobacteria,Rhodospirillales,Acetobacteraceae,Acidomonas,methanolica,Acidomonas_methanolica,0,0,0,1,0,0
Bacteria,Bacteria,Proteobacteria,Alphaproteobacteria,Rhodospirillales,Acetobacteraceae,Paracraurococcus,ruber,Paracraurococcus_ruber,0,0,0,1,2,4
Bacteria,Bacteria,Proteobacteria,Alphaproteobacteria,Rhodospirillales,Acetobacteraceae,Rhodopila,globiformis,Rhodopila_globiformis,0,0,0,4,3,2
Bacteria,Bacteria,Proteobacteria,Alphaproteobacteria,Rhodospirillales,Acetobacteraceae,Rhodovarius,lipocyclicus,Rhodovarius_lipocyclicus,0,0,0,1,0,0
Bacteria,Bacteria,Proteobacteria,Alphaproteobacteria,Rhodospirillales,Acetobacteraceae,Rhodovastum,atsumiense,Rhodovastum_atsumiense,0,0,0,3,0,1
Bacteria,Bacteria,Proteobacteria,Alphaproteobacteria,Rhodospirillales,Acetobacteraceae,Roseomonas,mucosa,Roseomonas_mucosa,0,0,0,9,13,12
Bacteria,Bacteria,Proteobacteria,Alphaproteobacteria,Rhodospirillales,Rhodospirillaceae,Azospirillum,amazonense,Azospirillum_amazonense,0,0,0,20,13,10
Bacteria,Bacteria,Proteobacteria,Alphaproteobacteria,Rhodospirillales,Rhodospirillaceae,Constrictibacter,antarcticus,Constrictibacter_antarcticus,0,0,0,0,1,0
Bacteria,Bacteria,Proteobacteria,Alphaproteobacteria,Rhodospirillales,Rhodospirillaceae,Elstera,litoralis,Elstera_litoralis,0,0,0,2,1,0
Bacteria,Bacteria,Proteobacteria,Alphaproteobacteria,Rhodospirillales,Rhodospirillaceae,Inquilinus,limosus,Inquilinus_limosus,0,0,0,2,1,2
Bacteria,Bacteria,Proteobacteria,Alphaproteobacteria,Rhodospirillales,Rhodospirillaceae,Phaeospirillum,fulvum,Phaeospirillum_fulvum,0,0,0,1,1,0
Bacteria,Bacteria,Proteobacteria,Alphaproteobacteria,Rhodospirillales,Rhodospirillaceae,Rhodospirillum,centenum,Rhodospirillum_centenum,0,0,0,2,1,1
Bacteria,Bacteria,Proteobacteria,Alphaproteobacteria,Rickettsiales,Rickettsiaceae,Orientia,tsutsugamushi,Orientia_tsutsugamushi,0,0,0,0,0,1
Bacteria,Bacteria,Proteobacteria,Alphaproteobacteria,Sphingomonadales,Erythrobacteraceae,Altererythrobacter,indicus,Altererythrobacter_indicus,0,0,0,0,0,1
Bacteria,Bacteria,Proteobacteria,Alphaproteobacteria,Sphingomonadales,Erythrobacteraceae,Erythrobacter,mathurensis,Erythrobacter_mathurensis,0,0,0,1,0,0
Bacteria,Bacteria,Proteobacteria,Alphaproteobacteria,Sphingomonadales,Erythrobacteraceae,Erythrobacter,nanhaisediminis,Erythrobacter_nanhaisediminis,0,0,0,46,31,37
Bacteria,Bacteria,Proteobacteria,Alphaproteobacteria,Sphingomonadales,Erythrobacteraceae,Erythromicrobium,ramosum,Erythromicrobium_ramosum,0,0,0,1,1,0
Bacteria,Bacteria,Proteobacteria,Alphaproteobacteria,Sphingomonadales,Sphingomonadaceae,Novosphingobium,acidiphilum,Novosphingobium_acidiphilum,0,0,0,4,2,4
Bacteria,Bacteria,Proteobacteria,Alphaproteobacteria,Sphingomonadales,Sphingomonadaceae,Novosphingobium,capsulatum,Novosphingobium_capsulatum,0,0,0,2,3,3
Bacteria,Bacteria,Proteobacteria,Alphaproteobacteria,Sphingomonadales,Sphingomonadaceae,Novosphingobium,nitrogenifigens,Novosphingobium_nitrogenifigens,0,0,0,0,1,0
Bacteria,Bacteria,Proteobacteria,Alphaproteobacteria,Sphingomonadales,Sphingomonadaceae,Novosphingobium,stygium,Novosphingobium_stygium,0,0,0,2,1,0
Bacteria,Bacteria,Proteobacteria,Alphaproteobacteria,Sphingomonadales,Sphingomonadaceae,Sandaracinobacter,sibiricus,Sandaracinobacter_sibiricus,0,0,0,0,1,0
Bacteria,Bacteria,Proteobacteria,Alphaproteobacteria,Sphingomonadales,Sphingomonadaceae,Sphingobium,xenophagum,Sphingobium_xenophagum,0,0,1,0,0,0
Bacteria,Bacteria,Proteobacteria,Alphaproteobacteria,Sphingomonadales,Sphingomonadaceae,Sphingomonas,changbaiensis,Sphingomonas_changbaiensis,0,0,1,0,0,0
Bacteria,Bacteria,Proteobacteria,Alphaproteobacteria,Sphingomonadales,Sphingomonadaceae,Sphingomonas,echinoides,Sphingomonas_echinoides,0,0,0,0,1,0
Bacteria,Bacteria,Proteobacteria,Alphaproteobacteria,Sphingomonadales,Sphingomonadaceae,Sphingomonas,wittichii,Sphingomonas_wittichii,0,1,0,53,28,47
Bacteria,Bacteria,Proteobacteria,Alphaproteobacteria,Sphingomonadales,Sphingomonadaceae,Sphingomonas,yabuuchiae,Sphingomonas_yabuuchiae,0,0,0,1,0,1
Bacteria,Bacteria,Proteobacteria,Alphaproteobacteria,Sphingomonadales,Sphingomonadaceae,Sphingopyxis,alaskensis,Sphingopyxis_alaskensis,0,1,3,238,266,213
Bacteria,Bacteria,Proteobacteria,Betaproteobacteria,Burkholderiales,Alcaligenaceae,Alcaligenes,faecalis,Alcaligenes_faecalis,0,0,0,15,17,8
Bacteria,Bacteria,Proteobacteria,Betaproteobacteria,Burkholderiales,Alcaligenaceae,Brackiella,oedipodis,Brackiella_oedipodis,0,0,0,1,0,0
Bacteria,Bacteria,Proteobacteria,Betaproteobacteria,Burkholderiales,Alcaligenaceae,Paralcaligenes,ureilyticus,Paralcaligenes_ureilyticus,0,0,0,2,0,1
Bacteria,Bacteria,Proteobacteria,Betaproteobacteria,Burkholderiales,Alcaligenaceae,Taylorella,equigenitalis,Taylorella_equigenitalis,0,0,0,1,0,0
Bacteria,Bacteria,Proteobacteria,Betaproteobacteria,Burkholderiales,Alcaligenaceae,Tetrathiobacter,kashmirensis,Tetrathiobacter_kashmirensis,0,0,0,1,0,0
Bacteria,Bacteria,Proteobacteria,Betaproteobacteria,Burkholderiales,Burkholderiaceae,Burkholderia,andropogonis,Burkholderia_andropogonis,0,0,0,1,0,1
Bacteria,Bacteria,Proteobacteria,Betaproteobacteria,Burkholderiales,Burkholderiaceae,Burkholderia,bryophila,Burkholderia_bryophila,0,0,0,0,1,0
Bacteria,Bacteria,Proteobacteria,Betaproteobacteria,Burkholderiales,Burkholderiaceae,CandidatusGlomeribacter,gigasporarum,CandidatusGlomeribacter_gigasporarum,0,0,0,1,2,1
Bacteria,Bacteria,Proteobacteria,Betaproteobacteria,Burkholderiales,Burkholderiaceae,Salinispora,tropica,Salinispora_tropica,0,0,0,17,15,11
Bacteria,Bacteria,Proteobacteria,Betaproteobacteria,Burkholderiales,Comamonadaceae,Acidovorax,caeni,Acidovorax_caeni,0,0,0,5,5,5
Bacteria,Bacteria,Proteobacteria,Betaproteobacteria,Burkholderiales,Comamonadaceae,Acidovorax,defluvii,Acidovorax_defluvii,0,0,0,0,1,3
Bacteria,Bacteria,Proteobacteria,Betaproteobacteria,Burkholderiales,Comamonadaceae,Acidovorax,delafieldii,Acidovorax_delafieldii,0,0,0,38,37,27
Bacteria,Bacteria,Proteobacteria,Betaproteobacteria,Burkholderiales,Comamonadaceae,Acidovorax,facilis,Acidovorax_facilis,0,0,0,1,3,2
Bacteria,Bacteria,Proteobacteria,Betaproteobacteria,Burkholderiales,Comamonadaceae,Acidovorax,konjaci,Acidovorax_konjaci,0,0,0,1,1,1
Bacteria,Bacteria,Proteobacteria,Betaproteobacteria,Burkholderiales,Comamonadaceae,Acidovorax,wohlfahrtii,Acidovorax_wohlfahrtii,0,0,2,3,4,2
Bacteria,Bacteria,Proteobacteria,Betaproteobacteria,Burkholderiales,Comamonadaceae,Aquincola,tertiaricarbonis,Aquincola_tertiaricarbonis,1,0,0,148,125,119
Bacteria,Bacteria,Proteobacteria,Betaproteobacteria,Burkholderiales,Comamonadaceae,Brachymonas,denitrificans,Brachymonas_denitrificans,0,0,0,18,15,16
Bacteria,Bacteria,Proteobacteria,Betaproteobacteria,Burkholderiales,Comamonadaceae,Comamonas,terrigena,Comamonas_terrigena,0,0,0,2,0,0
Bacteria,Bacteria,Proteobacteria,Betaproteobacteria,Burkholderiales,Comamonadaceae,Hydrogenophaga,palleronii,Hydrogenophaga_palleronii,0,0,0,1,0,0
Bacteria,Bacteria,Proteobacteria,Betaproteobacteria,Burkholderiales,Comamonadaceae,Hylemonella,gracilis,Hylemonella_gracilis,0,0,0,0,2,0
Bacteria,Bacteria,Proteobacteria,Betaproteobacteria,Burkholderiales,Comamonadaceae,Limnohabitans,curvus,Limnohabitans_curvus,0,0,1,21,14,9
Bacteria,Bacteria,Proteobacteria,Betaproteobacteria,Burkholderiales,Comamonadaceae,Methylibium,petroleiphilum,Methylibium_petroleiphilum,0,0,0,3,2,2
Bacteria,Bacteria,Proteobacteria,Betaproteobacteria,Burkholderiales,Comamonadaceae,Mitsuaria,chitosanitabida,Mitsuaria_chitosanitabida,0,0,0,36,31,37
Bacteria,Bacteria,Proteobacteria,Betaproteobacteria,Burkholderiales,Comamonadaceae,Pelomonas,puraquae,Pelomonas_puraquae,0,0,0,0,2,0
Bacteria,Bacteria,Proteobacteria,Betaproteobacteria,Burkholderiales,Comamonadaceae,Roseateles,depolymerans,Roseateles_depolymerans,0,0,1,44,45,48
Bacteria,Bacteria,Proteobacteria,Betaproteobacteria,Burkholderiales,Comamonadaceae,Rubrivivax,gelatinosus,Rubrivivax_gelatinosus,0,0,1,46,36,41
Bacteria,Bacteria,Proteobacteria,Betaproteobacteria,Burkholderiales,Comamonadaceae,Simplicispira,psychrophila,Simplicispira_psychrophila,0,1,0,62,48,62
Bacteria,Bacteria,Proteobacteria,Betaproteobacteria,Burkholderiales,Comamonadaceae,Variovorax,paradoxus,Variovorax_paradoxus,3,3,8,494,448,445
Bacteria,Bacteria,Proteobacteria,Betaproteobacteria,Burkholderiales,Comamonadaceae,Xylophilus,ampelinus,Xylophilus_ampelinus,0,0,1,48,35,49
Bacteria,Bacteria,Proteobacteria,Betaproteobacteria,Burkholderiales,Oxalobacteraceae,Janthinobacterium,lividum,Janthinobacterium_lividum,0,0,0,5,5,6
Bacteria,Bacteria,Proteobacteria,Betaproteobacteria,Burkholderiales,Oxalobacteraceae,Massilia,aerolata,Massilia_aerolata,0,0,0,0,2,3
Bacteria,Bacteria,Proteobacteria,Betaproteobacteria,Burkholderiales,Oxalobacteraceae,Oxalobacter,formigenes,Oxalobacter_formigenes,0,0,0,0,1,0
Bacteria,Bacteria,Proteobacteria,Betaproteobacteria,Burkholderiales,Oxalobacteraceae,Telluria,chitinolytica,Telluria_chitinolytica,0,0,0,1,0,0
Bacteria,Bacteria,Proteobacteria,Betaproteobacteria,Methylophilales,Methylophilaceae,Methylotenera,mobilis,Methylotenera_mobilis,0,1,0,20,20,13
Bacteria,Bacteria,Proteobacteria,Betaproteobacteria,Neisseriales,Neisseriaceae,Aquaspirillum,putridiconchylium,Aquaspirillum_putridiconchylium,0,0,0,2,1,0
Bacteria,Bacteria,Proteobacteria,Betaproteobacteria,Neisseriales,Neisseriaceae,Aquaspirillum,serpens,Aquaspirillum_serpens,0,0,0,5,2,6
Bacteria,Bacteria,Proteobacteria,Betaproteobacteria,Neisseriales,Neisseriaceae,Bergeriella,denitrificans,Bergeriella_denitrificans,0,0,0,0,1,2
Bacteria,Bacteria,Proteobacteria,Betaproteobacteria,Neisseriales,Neisseriaceae,Chitinilyticum,litopenaei,Chitinilyticum_litopenaei,0,0,0,1,4,2
Bacteria,Bacteria,Proteobacteria,Betaproteobacteria,Neisseriales,Neisseriaceae,Chitinimonas,koreensis,Chitinimonas_koreensis,0,0,1,1,0,0
Bacteria,Bacteria,Proteobacteria,Betaproteobacteria,Neisseriales,Neisseriaceae,Chitinimonas,taiwanensis,Chitinimonas_taiwanensis,0,0,0,4,6,7
Bacteria,Bacteria,Proteobacteria,Betaproteobacteria,Neisseriales,Neisseriaceae,Formivibrio,citricus,Formivibrio_citricus,0,0,0,2,3,3
Bacteria,Bacteria,Proteobacteria,Betaproteobacteria,Neisseriales,Neisseriaceae,Gulbenkiania,mobilis,Gulbenkiania_mobilis,0,0,0,1,0,0
Bacteria,Bacteria,Proteobacteria,Betaproteobacteria,Neisseriales,Neisseriaceae,Kingella,denitrificans,Kingella_denitrificans,0,0,0,11,15,14
Bacteria,Bacteria,Proteobacteria,Betaproteobacteria,Neisseriales,Neisseriaceae,Microvirgula,aerodenitrificans,Microvirgula_aerodenitrificans,0,0,0,2,2,3
Bacteria,Bacteria,Proteobacteria,Betaproteobacteria,Neisseriales,Neisseriaceae,Neisseria,canis,Neisseria_canis,0,0,0,2,2,3
Bacteria,Bacteria,Proteobacteria,Betaproteobacteria,Neisseriales,Neisseriaceae,Neisseria,cinerea,Neisseria_cinerea,0,0,0,168,139,139
Bacteria,Bacteria,Proteobacteria,Betaproteobacteria,Neisseriales,Neisseriaceae,Neisseria,iguanae,Neisseria_iguanae,0,0,0,1,0,0
Bacteria,Bacteria,Proteobacteria,Betaproteobacteria,Neisseriales,Neisseriaceae,Neisseria,subflava,Neisseria_subflava,0,0,0,1,0,1
Bacteria,Bacteria,Proteobacteria,Betaproteobacteria,Neisseriales,Neisseriaceae,Silvimonas,terrae,Silvimonas_terrae,0,0,0,2,2,1
Bacteria,Bacteria,Proteobacteria,Betaproteobacteria,Nitrosomonadales,Nitrosomonadaceae,Nitrosococcus,mobilis,Nitrosococcus_mobilis,0,0,0,54,60,48
Bacteria,Bacteria,Proteobacteria,Betaproteobacteria,Nitrosomonadales,Nitrosomonadaceae,Nitrosomonas,cryotolerans,Nitrosomonas_cryotolerans,0,0,0,117,123,108
Bacteria,Bacteria,Proteobacteria,Betaproteobacteria,Nitrosomonadales,Nitrosomonadaceae,Nitrosomonas,halophila,Nitrosomonas_halophila,0,0,0,144,122,142
Bacteria,Bacteria,Proteobacteria,Betaproteobacteria,Nitrosomonadales,Nitrosomonadaceae,Nitrosomonas,marina,Nitrosomonas_marina,0,0,0,33,21,33
Bacteria,Bacteria,Proteobacteria,Betaproteobacteria,Nitrosomonadales,Nitrosomonadaceae,Nitrosomonas,nitrosa,Nitrosomonas_nitrosa,0,0,0,22,13,20
Bacteria,Bacteria,Proteobacteria,Betaproteobacteria,Nitrosomonadales,Nitrosomonadaceae,Nitrosomonas,oligotropha,Nitrosomonas_oligotropha,0,0,1,83,103,67
Bacteria,Bacteria,Proteobacteria,Betaproteobacteria,Nitrosomonadales,Nitrosomonadaceae,Nitrosomonas,ureae,Nitrosomonas_ureae,0,0,0,1,2,4
Bacteria,Bacteria,Proteobacteria,Betaproteobacteria,Nitrosomonadales,Nitrosomonadaceae,Nitrosovibrio,tenuis,Nitrosovibrio_tenuis,0,0,0,1,0,0
Bacteria,Bacteria,Proteobacteria,Betaproteobacteria,Procabacteriales,Procabacteriaceae,Leeia,oryzae,Leeia_oryzae,0,0,0,1,0,0
Bacteria,Bacteria,Proteobacteria,Betaproteobacteria,Rhodocyclales,Rhodocyclaceae,Dechloromonas,fungiphilus,Dechloromonas_fungiphilus,0,0,0,18,15,14
Bacteria,Bacteria,Proteobacteria,Betaproteobacteria,Rhodocyclales,Rhodocyclaceae,Georgfuchsia,toluolica,Georgfuchsia_toluolica,0,0,0,1,2,0
Bacteria,Bacteria,Proteobacteria,Betaproteobacteria,Rhodocyclales,Rhodocyclaceae,Petrobacter,succinatimandens,Petrobacter_succinatimandens,0,0,0,0,2,0
Bacteria,Bacteria,Proteobacteria,Deltaproteobacteria,Bdellovibrionales,Bdellovibrionaceae,Bdellovibrio,bacteriovorus,Bdellovibrio_bacteriovorus,0,0,0,69,65,55
Bacteria,Bacteria,Proteobacteria,Deltaproteobacteria,Desulfobacterales,Desulfobacteraceae,Desulfobotulus,alkaliphilus,Desulfobotulus_alkaliphilus,0,0,0,0,1,0
Bacteria,Bacteria,Proteobacteria,Deltaproteobacteria,Desulfobacterales,Desulfobacteraceae,Desulfococcus,biacutus,Desulfococcus_biacutus,0,0,0,1,1,1
Bacteria,Bacteria,Proteobacteria,Deltaproteobacteria,Desulfobacterales,Desulfobulbaceae,Desulfobulbus,rhabdoformis,Desulfobulbus_rhabdoformis,0,0,0,0,0,1
Bacteria,Bacteria,Proteobacteria,Deltaproteobacteria,Desulfovibrionales,Desulfovibrionaceae,Desulfovibrio,cuneatus,Desulfovibrio_cuneatus,0,0,0,4,7,3
Bacteria,Bacteria,Proteobacteria,Deltaproteobacteria,Desulfovibrionales,Desulfovibrionaceae,Desulfovibrio,mexicanus,Desulfovibrio_mexicanus,0,0,0,2,1,1
Bacteria,Bacteria,Proteobacteria,Deltaproteobacteria,Desulfovibrionales,Desulfovibrionaceae,Desulfovibrio,putealis,Desulfovibrio_putealis,0,0,0,1,0,0
Bacteria,Bacteria,Proteobacteria,Deltaproteobacteria,Desulfovibrionales,Desulfovibrionaceae,Desulfovibrio,sulfodismutans,Desulfovibrio_sulfodismutans,0,0,0,1,0,0
Bacteria,Bacteria,Proteobacteria,Deltaproteobacteria,Desulfuromonadales,Desulfuromonadaceae,Pelobacter,acidigallici,Pelobacter_acidigallici,0,0,0,0,0,1
Bacteria,Bacteria,Proteobacteria,Deltaproteobacteria,Desulfuromonadales,Geobacteraceae,Geobacter,lovleyi,Geobacter_lovleyi,0,1,0,13,10,2
Bacteria,Bacteria,Proteobacteria,Deltaproteobacteria,Myxococcales,Nannocystaceae,Nannocystis,exedens,Nannocystis_exedens,0,0,1,76,62,61
Bacteria,Bacteria,Proteobacteria,Deltaproteobacteria,Myxococcales,Polyangiaceae,Aetherobacter,fasciculatus,Aetherobacter_fasciculatus,0,0,0,6,8,4
Bacteria,Bacteria,Proteobacteria,Deltaproteobacteria,Myxococcales,Polyangiaceae,Byssovorax,cruenta,Byssovorax_cruenta,0,0,0,11,15,6
Bacteria,Bacteria,Proteobacteria,Deltaproteobacteria,Myxococcales,Polyangiaceae,Polyangium,fumosum,Polyangium_fumosum,0,0,0,3,8,5
Bacteria,Bacteria,Proteobacteria,Deltaproteobacteria,Myxococcales,Polyangiaceae,Sorangium,cellulosum,Sorangium_cellulosum,0,0,0,84,91,82
Bacteria,Bacteria,Proteobacteria,Deltaproteobacteria,Syntrophobacterales,Syntrophobacteraceae,Desulfovirga,adipica,Desulfovirga_adipica,0,0,0,1,0,0
Bacteria,Bacteria,Proteobacteria,Epsilonproteobacteria,Campylobacterales,Campylobacteraceae,Arcobacter,cryaerophilus,Arcobacter_cryaerophilus,0,2,3,93,77,60
Bacteria,Bacteria,Proteobacteria,Epsilonproteobacteria,Campylobacterales,Helicobacteraceae,Sulfuricurvum,kujiense,Sulfuricurvum_kujiense,0,0,0,13,8,13
Bacteria,Bacteria,Proteobacteria,Epsilonproteobacteria,Campylobacterales,Helicobacteraceae,Sulfurimonas,autotrophica,Sulfurimonas_autotrophica,0,0,0,0,0,1
Bacteria,Bacteria,Proteobacteria,Gammaproteobacteria,Acidithiobacillales,Acidithiobacillaceae,Acidithiobacillus,albertensis,Acidithiobacillus_albertensis,0,0,0,18,19,22
Bacteria,Bacteria,Proteobacteria,Gammaproteobacteria,Acidithiobacillales,Acidithiobacillaceae,Acidithiobacillus,caldus,Acidithiobacillus_caldus,0,0,0,3,2,2
Bacteria,Bacteria,Proteobacteria,Gammaproteobacteria,Aeromonadales,Aeromonadaceae,Aeromonas,caviae,Aeromonas_caviae,0,0,0,2,3,4
Bacteria,Bacteria,Proteobacteria,Gammaproteobacteria,Aeromonadales,Aeromonadaceae,Aeromonas,hydrophila,Aeromonas_hydrophila,0,0,0,6,6,12
Bacteria,Bacteria,Proteobacteria,Gammaproteobacteria,Aeromonadales,Aeromonadaceae,Aeromonas,popoffii,Aeromonas_popoffii,0,0,0,0,0,1
Bacteria,Bacteria,Proteobacteria,Gammaproteobacteria,Alteromonadales,Alteromonadaceae,Porticoccus,hydrocarbonoclasticus,Porticoccus_hydrocarbonoclasticus,0,0,0,1,1,0
Bacteria,Bacteria,Proteobacteria,Gammaproteobacteria,Alteromonadales,Alteromonadaceae,Simiduia,agarivorans,Simiduia_agarivorans,0,0,0,0,1,0
Bacteria,Bacteria,Proteobacteria,Gammaproteobacteria,Alteromonadales,Idiomarinaceae,Pseudidiomarina,homiensis,Pseudidiomarina_homiensis,0,0,0,0,1,0
Bacteria,Bacteria,Proteobacteria,Gammaproteobacteria,Alteromonadales,OM60,Haliea,mediterranea,Haliea_mediterranea,0,0,0,5,1,3
Bacteria,Bacteria,Proteobacteria,Gammaproteobacteria,Alteromonadales,Shewanellaceae,Shewanella,benthica,Shewanella_benthica,0,0,0,3,3,3
Bacteria,Bacteria,Proteobacteria,Gammaproteobacteria,Alteromonadales,Shewanellaceae,Shewanella,hanedai,Shewanella_hanedai,0,0,0,1,0,0
Bacteria,Bacteria,Proteobacteria,Gammaproteobacteria,Chromatiales,Chromatiaceae,Allochromatium,vinosum,Allochromatium_vinosum,0,0,0,14,13,9
Bacteria,Bacteria,Proteobacteria,Gammaproteobacteria,Chromatiales,Chromatiaceae,Marichromatium,fluminis,Marichromatium_fluminis,0,0,0,1,0,1
Bacteria,Bacteria,Proteobacteria,Gammaproteobacteria,Chromatiales,Chromatiaceae,Thiocapsa,imhoffii,Thiocapsa_imhoffii,0,0,0,0,0,1
Bacteria,Bacteria,Proteobacteria,Gammaproteobacteria,Chromatiales,Chromatiaceae,Thiodictyon,syntrophicum,Thiodictyon_syntrophicum,0,0,0,91,84,90
Bacteria,Bacteria,Proteobacteria,Gammaproteobacteria,Chromatiales,Ectothiorhodospiraceae,Halorhodospira,halophila,Halorhodospira_halophila,0,0,0,0,3,0
Bacteria,Bacteria,Proteobacteria,Gammaproteobacteria,Chromatiales,Ectothiorhodospiraceae,Thioalkalivibrio,denitrificans,Thioalkalivibrio_denitrificans,0,0,0,0,1,2
Bacteria,Bacteria,Proteobacteria,Gammaproteobacteria,Enterobacteriales,Enterobacteriaceae,Brenneria,rubrifaciens,Brenneria_rubrifaciens,0,0,0,0,0,1
Bacteria,Bacteria,Proteobacteria,Gammaproteobacteria,Enterobacteriales,Enterobacteriaceae,Citrobacter,freundii,Citrobacter_freundii,0,0,0,0,1,0
Bacteria,Bacteria,Proteobacteria,Gammaproteobacteria,Enterobacteriales,Enterobacteriaceae,Cronobacter,dublinensis,Cronobacter_dublinensis,0,0,0,1,1,1
Bacteria,Bacteria,Proteobacteria,Gammaproteobacteria,Enterobacteriales,Enterobacteriaceae,Enterobacter,cloacae,Enterobacter_cloacae,0,0,0,0,0,1
Bacteria,Bacteria,Proteobacteria,Gammaproteobacteria,Enterobacteriales,Enterobacteriaceae,Erwinia,chrysanthemi,Erwinia_chrysanthemi,0,0,0,0,0,1
Bacteria,Bacteria,Proteobacteria,Gammaproteobacteria,Enterobacteriales,Enterobacteriaceae,Erwinia,dispersa,Erwinia_dispersa,0,0,0,1,0,0
Bacteria,Bacteria,Proteobacteria,Gammaproteobacteria,Enterobacteriales,Enterobacteriaceae,Hafnia,alvei,Hafnia_alvei,0,0,0,0,3,3
Bacteria,Bacteria,Proteobacteria,Gammaproteobacteria,Enterobacteriales,Enterobacteriaceae,Klebsiella,oxytoca,Klebsiella_oxytoca,0,0,0,8,3,7
Bacteria,Bacteria,Proteobacteria,Gammaproteobacteria,Enterobacteriales,Enterobacteriaceae,Morganella,morganii,Morganella_morganii,0,0,0,3,0,0
Bacteria,Bacteria,Proteobacteria,Gammaproteobacteria,Enterobacteriales,Enterobacteriaceae,Plesiomonas,shigelloides,Plesiomonas_shigelloides,0,0,0,0,2,0
Bacteria,Bacteria,Proteobacteria,Gammaproteobacteria,Enterobacteriales,Enterobacteriaceae,Pragia,fontium,Pragia_fontium,0,0,0,0,1,0
Bacteria,Bacteria,Proteobacteria,Gammaproteobacteria,Enterobacteriales,Enterobacteriaceae,Serratia,marcescens,Serratia_marcescens,0,0,0,1,0,0
Bacteria,Bacteria,Proteobacteria,Gammaproteobacteria,Enterobacteriales,Enterobacteriaceae,Trabulsiella,farmeri,Trabulsiella_farmeri,0,0,0,1,3,2
Bacteria,Bacteria,Proteobacteria,Gammaproteobacteria,Legionellales,Francisellaceae,Caedibacter,taeniospiralis,Caedibacter_taeniospiralis,0,0,0,2,1,0
Bacteria,Bacteria,Proteobacteria,Gammaproteobacteria,Legionellales,Legionellaceae,Legionella,dresdenensis,Legionella_dresdenensis,0,0,0,1,0,0
Bacteria,Bacteria,Proteobacteria,Gammaproteobacteria,Methylococcales,Crenotrichaceae,Crenothrix,polyspora,Crenothrix_polyspora,0,0,0,3,3,1
Bacteria,Bacteria,Proteobacteria,Gammaproteobacteria,Methylococcales,Methylococcaceae,Methylomicrobium,buryatense,Methylomicrobium_buryatense,0,0,0,1,0,3
Bacteria,Bacteria,Proteobacteria,Gammaproteobacteria,Methylococcales,Methylococcaceae,Methylosarcina,quisquiliarum,Methylosarcina_quisquiliarum,0,0,1,1,0,0
Bacteria,Bacteria,Proteobacteria,Gammaproteobacteria,Oceanospirillales,Alcanivoracaceae,Alcanivorax,dieselolei,Alcanivorax_dieselolei,0,0,0,3,4,9
Bacteria,Bacteria,Proteobacteria,Gammaproteobacteria,Oceanospirillales,Endozoicimonaceae,Endozoicomonas,montiporae,Endozoicomonas_montiporae,0,0,0,0,0,1
Bacteria,Bacteria,Proteobacteria,Gammaproteobacteria,Oceanospirillales,Hahellaceae,Hahella,chejuensis,Hahella_chejuensis,0,0,0,0,1,0
Bacteria,Bacteria,Proteobacteria,Gammaproteobacteria,Oceanospirillales,Hahellaceae,Hahella,ganghwensis,Hahella_ganghwensis,0,0,1,36,28,37
Bacteria,Bacteria,Proteobacteria,Gammaproteobacteria,Oceanospirillales,Halomonadaceae,Halomonas,pacifica,Halomonas_pacifica,0,0,0,0,1,1
Bacteria,Bacteria,Proteobacteria,Gammaproteobacteria,Oceanospirillales,Halomonadaceae,Halomonas,phosphatis,Halomonas_phosphatis,0,0,0,44,45,37
Bacteria,Bacteria,Proteobacteria,Gammaproteobacteria,Oceanospirillales,Oceanospirillaceae,Marinomonas,primoryensis,Marinomonas_primoryensis,0,0,0,1,0,0
Bacteria,Bacteria,Proteobacteria,Gammaproteobacteria,Oceanospirillales,Oleiphilaceae,Oleiphilus,messinensis,Oleiphilus_messinensis,0,0,0,1,0,0
Bacteria,Bacteria,Proteobacteria,Gammaproteobacteria,Pasteurellales,Pasteurellaceae,Actinobacillus,parahaemolyticus,Actinobacillus_parahaemolyticus,0,0,0,0,0,1
Bacteria,Bacteria,Proteobacteria,Gammaproteobacteria,Pasteurellales,Pasteurellaceae,Haemophilus,felis,Haemophilus_felis,0,0,0,1,0,0
Bacteria,Bacteria,Proteobacteria,Gammaproteobacteria,Pasteurellales,Pasteurellaceae,Haemophilus,influenzae,Haemophilus_influenzae,0,0,0,0,0,1
Bacteria,Bacteria,Proteobacteria,Gammaproteobacteria,Pasteurellales,Pasteurellaceae,Haemophilus,parainfluenzae,Haemophilus_parainfluenzae,0,0,0,1,2,2
Bacteria,Bacteria,Proteobacteria,Gammaproteobacteria,Pseudomonadales,Moraxellaceae,Acinetobacter,guillouiae,Acinetobacter_guillouiae,0,0,1,24,15,15
Bacteria,Bacteria,Proteobacteria,Gammaproteobacteria,Pseudomonadales,Moraxellaceae,Acinetobacter,johnsonii,Acinetobacter_johnsonii,0,0,1,204,171,197
Bacteria,Bacteria,Proteobacteria,Gammaproteobacteria,Pseudomonadales,Moraxellaceae,Acinetobacter,lwoffii,Acinetobacter_lwoffii,0,0,1,713,665,635
Bacteria,Bacteria,Proteobacteria,Gammaproteobacteria,Pseudomonadales,Moraxellaceae,Acinetobacter,rhizosphaerae,Acinetobacter_rhizosphaerae,0,0,0,27,24,15
Bacteria,Bacteria,Proteobacteria,Gammaproteobacteria,Pseudomonadales,Moraxellaceae,Acinetobacter,schindleri,Acinetobacter_schindleri,0,0,0,11,15,10
Bacteria,Bacteria,Proteobacteria,Gammaproteobacteria,Pseudomonadales,Moraxellaceae,Acinetobacter,venetianus,Acinetobacter_venetianus,0,0,0,92,68,104
Bacteria,Bacteria,Proteobacteria,Gammaproteobacteria,Pseudomonadales,Moraxellaceae,Agitococcus,lubricus,Agitococcus_lubricus,0,0,0,361,357,344
Bacteria,Bacteria,Proteobacteria,Gammaproteobacteria,Pseudomonadales,Moraxellaceae,Enhydrobacter,aerosaccus,Enhydrobacter_aerosaccus,0,0,0,11,30,25
Bacteria,Bacteria,Proteobacteria,Gammaproteobacteria,Pseudomonadales,Moraxellaceae,Moraxella,lincolnii,Moraxella_lincolnii,0,0,0,27,13,29
Bacteria,Bacteria,Proteobacteria,Gammaproteobacteria,Pseudomonadales,Moraxellaceae,Psychrobacter,celer,Psychrobacter_celer,0,0,0,2,2,4
Bacteria,Bacteria,Proteobacteria,Gammaproteobacteria,Pseudomonadales,Moraxellaceae,Psychrobacter,pulmonis,Psychrobacter_pulmonis,0,0,0,1,3,2
Bacteria,Bacteria,Proteobacteria,Gammaproteobacteria,Pseudomonadales,Pseudomonadaceae,Azotobacter,armeniacus,Azotobacter_armeniacus,0,0,0,5,3,1
Bacteria,Bacteria,Proteobacteria,Gammaproteobacteria,Pseudomonadales,Pseudomonadaceae,Pseudomonas,alcaligenes,Pseudomonas_alcaligenes,0,0,0,33,30,26
Bacteria,Bacteria,Proteobacteria,Gammaproteobacteria,Pseudomonadales,Pseudomonadaceae,Pseudomonas,balearica,Pseudomonas_balearica,0,0,0,0,1,0
Bacteria,Bacteria,Proteobacteria,Gammaproteobacteria,Pseudomonadales,Pseudomonadaceae,Pseudomonas,fragi,Pseudomonas_fragi,0,0,0,27,28,15
Bacteria,Bacteria,Proteobacteria,Gammaproteobacteria,Pseudomonadales,Pseudomonadaceae,Pseudomonas,mendocina,Pseudomonas_mendocina,0,0,0,0,1,0
Bacteria,Bacteria,Proteobacteria,Gammaproteobacteria,Pseudomonadales,Pseudomonadaceae,Pseudomonas,nitroreducens,Pseudomonas_nitroreducens,0,0,0,4,1,0
Bacteria,Bacteria,Proteobacteria,Gammaproteobacteria,Pseudomonadales,Pseudomonadaceae,Pseudomonas,stutzeri,Pseudomonas_stutzeri,1,0,0,3,2,3
Bacteria,Bacteria,Proteobacteria,Gammaproteobacteria,Pseudomonadales,Pseudomonadaceae,Pseudomonas,thermotolerans,Pseudomonas_thermotolerans,0,0,0,6,1,1
Bacteria,Bacteria,Proteobacteria,Gammaproteobacteria,Pseudomonadales,Pseudomonadaceae,Pseudomonas,veronii,Pseudomonas_veronii,0,0,0,23,31,35
Bacteria,Bacteria,Proteobacteria,Gammaproteobacteria,Pseudomonadales,Pseudomonadaceae,Pseudomonas,viridiflava,Pseudomonas_viridiflava,0,0,0,22,20,18
Bacteria,Bacteria,Proteobacteria,Gammaproteobacteria,Pseudomonadales,Pseudomonadaceae,Serpens,flexibilis,Serpens_flexibilis,0,0,0,4,4,5
Bacteria,Bacteria,Proteobacteria,Gammaproteobacteria,Thiotrichales,Thiotrichaceae,Thiopilula,aggregata,Thiopilula_aggregata,0,0,0,3,1,3
Bacteria,Bacteria,Proteobacteria,Gammaproteobacteria,Thiotrichales,Thiotrichaceae,Thioploca,ingrica,Thioploca_ingrica,0,0,0,2,0,1
Bacteria,Bacteria,Proteobacteria,Gammaproteobacteria,Thiotrichales,Thiotrichaceae,Thiothrix,eikelboomii,Thiothrix_eikelboomii,0,0,0,6,8,4
Bacteria,Bacteria,Proteobacteria,Gammaproteobacteria,Vibrionales,Vibrionaceae,Aliivibrio,fischeri,Aliivibrio_fischeri,0,0,0,0,1,1
Bacteria,Bacteria,Proteobacteria,Gammaproteobacteria,Vibrionales,Vibrionaceae,Photobacterium,damselae,Photobacterium_damselae,0,0,1,2,3,1
Bacteria,Bacteria,Proteobacteria,Gammaproteobacteria,Vibrionales,Vibrionaceae,Vibrio,fortis,Vibrio_fortis,0,0,0,0,1,0
Bacteria,Bacteria,Proteobacteria,Gammaproteobacteria,Xanthomonadales,Sinobacteraceae,Nevskia,ramosa,Nevskia_ramosa,0,0,0,1,1,1
Bacteria,Bacteria,Proteobacteria,Gammaproteobacteria,Xanthomonadales,Xanthomonadaceae,Arenimonas,oryziterrae,Arenimonas_oryziterrae,0,0,0,1,0,0
Bacteria,Bacteria,Proteobacteria,Gammaproteobacteria,Xanthomonadales,Xanthomonadaceae,Pseudofulvimonas,gallinarii,Pseudofulvimonas_gallinarii,0,0,0,0,1,0
Bacteria,Bacteria,Proteobacteria,Gammaproteobacteria,Xanthomonadales,Xanthomonadaceae,Pseudoxanthomonas,mexicana,Pseudoxanthomonas_mexicana,0,0,1,36,35,40
Bacteria,Bacteria,Proteobacteria,Gammaproteobacteria,Xanthomonadales,Xanthomonadaceae,Pseudoxanthomonas,taiwanensis,Pseudoxanthomonas_taiwanensis,0,0,0,1,0,0
Bacteria,Bacteria,Proteobacteria,Gammaproteobacteria,Xanthomonadales,Xanthomonadaceae,Silanimonas,mangrovi,Silanimonas_mangrovi,0,0,0,0,0,1
Bacteria,Bacteria,Proteobacteria,Gammaproteobacteria,Xanthomonadales,Xanthomonadaceae,Stenotrophomonas,acidaminiphila,Stenotrophomonas_acidaminiphila,0,0,0,11,10,5
Bacteria,Bacteria,Proteobacteria,Gammaproteobacteria,Xanthomonadales,Xanthomonadaceae,Stenotrophomonas,geniculata,Stenotrophomonas_geniculata,0,0,0,12,4,9
Bacteria,Bacteria,Proteobacteria,Gammaproteobacteria,Xanthomonadales,Xanthomonadaceae,Stenotrophomonas,panacihumi,Stenotrophomonas_panacihumi,0,0,0,0,1,0
Bacteria,Bacteria,Proteobacteria,Gammaproteobacteria,Xanthomonadales,Xanthomonadaceae,Thermomonas,fusca,Thermomonas_fusca,0,0,1,88,71,91
Bacteria,Bacteria,Proteobacteria,Gammaproteobacteria,Xanthomonadales,Xanthomonadaceae,Xanthomonas,axonopodis,Xanthomonas_axonopodis,0,0,0,0,1,0
Bacteria,Bacteria,Spirochaetes,Spirochaetes,Spirochaetales,Spirochaetaceae,Spirochaeta,aurantia,Spirochaeta_aurantia,0,0,0,16,13,6
Bacteria,Bacteria,Spirochaetes,Leptospirae,Leptospirales,Leptospiraceae,Leptospira,biflexa,Leptospira_biflexa,0,0,0,1,0,0
Bacteria,Bacteria,Verrucomicrobia,Verrucomicrobiae,Verrucomicrobiales,Verrucomicrobiaceae,Akkermansia,muciniphila,Akkermansia_muciniphila,0,0,0,3,5,3
Bacteria,Bacteria,Verrucomicrobia,Verrucomicrobiae,Verrucomicrobiales,Verrucomicrobiaceae,Persicirhabdus,sediminis,Persicirhabdus_sediminis,0,0,0,1,0,0
Bacteria,Bacteria,Verrucomicrobia,Verrucomicrobiae,Verrucomicrobiales,Verrucomicrobiaceae,Prosthecobacter,debontii,Prosthecobacter_debontii,0,2,1,224,193,196
Bacteria,Bacteria,Thermi,Deinococci,Deinococcales,Deinococcaceae,Deinococcus,aquatilis,Deinococcus_aquatilis,0,0,0,1,0,0
