Superkingdom,Kingdom,Phylum,Class,Order,Family,Genus,Species,Genus_Species,ERR1341804,ERR1341803
Archaea,Archaea,Euryarchaeota,Methanomicrobia,Methanosarcinales,Methanosarcinaceae,Methanohalophilus,halophilus,Methanohalophilus_halophilus,1,5
Archaea,Archaea,Euryarchaeota,Methanomicrobia,Methanosarcinales,Methanosarcinaceae,Methanosalsum,zhilinae,Methanosalsum_zhilinae,0,5
Archaea,Archaea,Euryarchaeota,Methanomicrobia,Methanosarcinales,Methanosarcinaceae,Methanosarcina,mazei,Methanosarcina_mazei,70,26
Bacteria,Bacteria,Actinobacteria,Acidimicrobiia,Acidimicrobiales,Microthrixaceae,CandidatusMicrothrix,parvicella,CandidatusMicrothrix_parvicella,0,1
Bacteria,Bacteria,Actinobacteria,Actinobacteria,Actinomycetales,Actinosynnemataceae,Actinokineospora,diospyrosa,Actinokineospora_diospyrosa,0,1
Bacteria,Bacteria,Actinobacteria,Actinobacteria,Actinomycetales,Actinosynnemataceae,Amycolatopsis,fastidiosa,Amycolatopsis_fastidiosa,0,1
Bacteria,Bacteria,Actinobacteria,Actinobacteria,Actinomycetales,Beutenbergiaceae,Salana,multivorans,Salana_multivorans,0,2
Bacteria,Bacteria,Actinobacteria,Actinobacteria,Actinomycetales,Brevibacteriaceae,Brevibacterium,casei,Brevibacterium_casei,0,1
Bacteria,Bacteria,Actinobacteria,Actinobacteria,Actinomycetales,Cellulomonadaceae,Cellulomonas,xylanilytica,Cellulomonas_xylanilytica,0,1
Bacteria,Bacteria,Actinobacteria,Actinobacteria,Actinomycetales,Corynebacteriaceae,Corynebacterium,stationis,Corynebacterium_stationis,1,1
Bacteria,Bacteria,Actinobacteria,Actinobacteria,Actinomycetales,Corynebacteriaceae,Corynebacterium,variabile,Corynebacterium_variabile,0,1
Bacteria,Bacteria,Actinobacteria,Actinobacteria,Actinomycetales,Dermabacteraceae,Brachybacterium,conglomeratum,Brachybacterium_conglomeratum,1,0
Bacteria,Bacteria,Actinobacteria,Actinobacteria,Actinomycetales,Dermatophilaceae,Kineosphaera,limosa,Kineosphaera_limosa,0,3
Bacteria,Bacteria,Actinobacteria,Actinobacteria,Actinomycetales,Dermatophilaceae,Piscicoccus,intestinalis,Piscicoccus_intestinalis,0,1
Bacteria,Bacteria,Actinobacteria,Actinobacteria,Actinomycetales,Dietziaceae,Dietzia,timorensis,Dietzia_timorensis,0,1
Bacteria,Bacteria,Actinobacteria,Actinobacteria,Actinomycetales,Gordoniaceae,Millisia,brevis,Millisia_brevis,0,1
Bacteria,Bacteria,Actinobacteria,Actinobacteria,Actinomycetales,Intrasporangiaceae,Arsenicicoccus,piscis,Arsenicicoccus_piscis,2,9
Bacteria,Bacteria,Actinobacteria,Actinobacteria,Actinomycetales,Intrasporangiaceae,Intrasporangium,calvum,Intrasporangium_calvum,1,9
Bacteria,Bacteria,Actinobacteria,Actinobacteria,Actinomycetales,Intrasporangiaceae,Marihabitans,asiaticum,Marihabitans_asiaticum,0,3
Bacteria,Bacteria,Actinobacteria,Actinobacteria,Actinomycetales,Microbacteriaceae,Agrococcus,jenensis,Agrococcus_jenensis,2,1
Bacteria,Bacteria,Actinobacteria,Actinobacteria,Actinomycetales,Microbacteriaceae,CandidatusAquiluna,rubra,CandidatusAquiluna_rubra,0,1
Bacteria,Bacteria,Actinobacteria,Actinobacteria,Actinomycetales,Microbacteriaceae,Pseudoclavibacter,bifida,Pseudoclavibacter_bifida,0,1
Bacteria,Bacteria,Actinobacteria,Actinobacteria,Actinomycetales,Microbacteriaceae,Rathayibacter,caricis,Rathayibacter_caricis,1,3
Bacteria,Bacteria,Actinobacteria,Actinobacteria,Actinomycetales,Microbacteriaceae,Salinibacterium,amurskyense,Salinibacterium_amurskyense,0,3
Bacteria,Bacteria,Actinobacteria,Actinobacteria,Actinomycetales,Micrococcaceae,Arthrobacter,castelli,Arthrobacter_castelli,0,1
Bacteria,Bacteria,Actinobacteria,Actinobacteria,Actinomycetales,Micrococcaceae,Arthrobacter,nitroguajacolicus,Arthrobacter_nitroguajacolicus,1,3
Bacteria,Bacteria,Actinobacteria,Actinobacteria,Actinomycetales,Micrococcaceae,Arthrobacter,psychrolactophilus,Arthrobacter_psychrolactophilus,0,2
Bacteria,Bacteria,Actinobacteria,Actinobacteria,Actinomycetales,Micrococcaceae,Kocuria,palustris,Kocuria_palustris,0,12
Bacteria,Bacteria,Actinobacteria,Actinobacteria,Actinomycetales,Micrococcaceae,Kocuria,rhizophila,Kocuria_rhizophila,0,1
Bacteria,Bacteria,Actinobacteria,Actinobacteria,Actinomycetales,Micrococcaceae,Microbispora,rosea,Microbispora_rosea,0,3
Bacteria,Bacteria,Actinobacteria,Actinobacteria,Actinomycetales,Micrococcaceae,Micrococcus,luteus,Micrococcus_luteus,0,3
Bacteria,Bacteria,Actinobacteria,Actinobacteria,Actinomycetales,Micrococcaceae,Rothia,amarae,Rothia_amarae,0,1
Bacteria,Bacteria,Actinobacteria,Actinobacteria,Actinomycetales,Micrococcaceae,Rothia,dentocariosa,Rothia_dentocariosa,0,2
Bacteria,Bacteria,Actinobacteria,Actinobacteria,Actinomycetales,Micrococcaceae,Rothia,mucilaginosa,Rothia_mucilaginosa,0,13
Bacteria,Bacteria,Actinobacteria,Actinobacteria,Actinomycetales,Micrococcaceae,Rothia,nasimurium,Rothia_nasimurium,0,3
Bacteria,Bacteria,Actinobacteria,Actinobacteria,Actinomycetales,Mycobacteriaceae,Mycobacterium,celatum,Mycobacterium_celatum,1,0
Bacteria,Bacteria,Actinobacteria,Actinobacteria,Actinomycetales,Nocardiaceae,Rhodococcus,equi,Rhodococcus_equi,3,1
Bacteria,Bacteria,Actinobacteria,Actinobacteria,Actinomycetales,Nocardiaceae,Rhodococcus,ruber,Rhodococcus_ruber,2,0
Bacteria,Bacteria,Actinobacteria,Actinobacteria,Actinomycetales,Promicromonosporaceae,Luteimicrobium,subarcticum,Luteimicrobium_subarcticum,0,3
Bacteria,Bacteria,Actinobacteria,Actinobacteria,Actinomycetales,Propionibacteriaceae,Brooklawnia,cerclae,Brooklawnia_cerclae,0,1
Bacteria,Bacteria,Actinobacteria,Actinobacteria,Actinomycetales,Propionibacteriaceae,Tessaracoccus,bendigoensis,Tessaracoccus_bendigoensis,0,7
Bacteria,Bacteria,Actinobacteria,Actinobacteria,Actinomycetales,Streptomycetaceae,Streptomyces,xanthocidicus,Streptomyces_xanthocidicus,0,1
Bacteria,Bacteria,Actinobacteria,Coriobacteriia,Coriobacteriales,Coriobacteriaceae,Atopobium,vaginae,Atopobium_vaginae,0,1
Bacteria,Bacteria,Actinobacteria,Coriobacteriia,Coriobacteriales,Coriobacteriaceae,Eggerthella,lenta,Eggerthella_lenta,0,1
Bacteria,Bacteria,Bacteroidetes,Bacteroidia,Bacteroidales,Bacteroidaceae,Bacteroides,coprosuis,Bacteroides_coprosuis,0,2
Bacteria,Bacteria,Bacteroidetes,Bacteroidia,Bacteroidales,Bacteroidaceae,Bacteroides,fragilis,Bacteroides_fragilis,0,1
Bacteria,Bacteria,Bacteroidetes,Bacteroidia,Bacteroidales,Bacteroidaceae,Bacteroides,nordii,Bacteroides_nordii,0,1
Bacteria,Bacteria,Bacteroidetes,Bacteroidia,Bacteroidales,Marinilabiaceae,Anaerophaga,thermohalophila,Anaerophaga_thermohalophila,0,1
Bacteria,Bacteria,Bacteroidetes,Bacteroidia,Bacteroidales,Marinilabiaceae,Cytophaga,fermentans,Cytophaga_fermentans,0,11
Bacteria,Bacteria,Bacteroidetes,Bacteroidia,Bacteroidales,Marinilabiaceae,Cytophaga,xylanolytica,Cytophaga_xylanolytica,0,4
Bacteria,Bacteria,Bacteroidetes,Bacteroidia,Bacteroidales,Marinilabiaceae,Ruminofilibacter,xylanolyticum,Ruminofilibacter_xylanolyticum,1,2
Bacteria,Bacteria,Bacteroidetes,Bacteroidia,Bacteroidales,Porphyromonadaceae,Parabacteroides,gordonii,Parabacteroides_gordonii,0,2
Bacteria,Bacteria,Bacteroidetes,Cytophagia,Cytophagales,Cyclobacteriaceae,Algoriphagus,ratkowskyi,Algoriphagus_ratkowskyi,0,1
Bacteria,Bacteria,Bacteroidetes,Cytophagia,Cytophagales,Cyclobacteriaceae,Belliella,pelovolcani,Belliella_pelovolcani,0,1
Bacteria,Bacteria,Bacteroidetes,Cytophagia,Cytophagales,Cyclobacteriaceae,Echinicola,vietnamensis,Echinicola_vietnamensis,0,1
Bacteria,Bacteria,Bacteroidetes,Cytophagia,Cytophagales,Cyclobacteriaceae,Nitritalea,halalkaliphila,Nitritalea_halalkaliphila,0,1
Bacteria,Bacteria,Bacteroidetes,Flavobacteriia,Flavobacteriales,Cryomorphaceae,Cryomorpha,ignava,Cryomorpha_ignava,7,4
Bacteria,Bacteria,Bacteroidetes,Flavobacteriia,Flavobacteriales,Cryomorphaceae,Owenweeksia,hongkongensis,Owenweeksia_hongkongensis,0,4
Bacteria,Bacteria,Bacteroidetes,Flavobacteriia,Flavobacteriales,Flavobacteriaceae,Algibacter,lectus,Algibacter_lectus,0,8
Bacteria,Bacteria,Bacteroidetes,Flavobacteriia,Flavobacteriales,Flavobacteriaceae,Antarcticimonas,flava,Antarcticimonas_flava,0,1
Bacteria,Bacteria,Bacteroidetes,Flavobacteriia,Flavobacteriales,Flavobacteriaceae,Aquimarina,brevivitae,Aquimarina_brevivitae,0,1
Bacteria,Bacteria,Bacteroidetes,Flavobacteriia,Flavobacteriales,Flavobacteriaceae,Bizionia,gelidisalsuginis,Bizionia_gelidisalsuginis,0,1
Bacteria,Bacteria,Bacteroidetes,Flavobacteriia,Flavobacteriales,Flavobacteriaceae,Cellulophaga,algicola,Cellulophaga_algicola,4,7
Bacteria,Bacteria,Bacteroidetes,Flavobacteriia,Flavobacteriales,Flavobacteriaceae,Coccinimonas,marina,Coccinimonas_marina,0,3
Bacteria,Bacteria,Bacteroidetes,Flavobacteriia,Flavobacteriales,Flavobacteriaceae,Costertonia,aggregata,Costertonia_aggregata,0,1
Bacteria,Bacteria,Bacteroidetes,Flavobacteriia,Flavobacteriales,Flavobacteriaceae,Croceimarina,litoralis,Croceimarina_litoralis,0,11
Bacteria,Bacteria,Bacteroidetes,Flavobacteriia,Flavobacteriales,Flavobacteriaceae,Flavobacterium,columnare,Flavobacterium_columnare,0,3
Bacteria,Bacteria,Bacteroidetes,Flavobacteriia,Flavobacteriales,Flavobacteriaceae,Flavobacterium,frigidarium,Flavobacterium_frigidarium,0,4
Bacteria,Bacteria,Bacteroidetes,Flavobacteriia,Flavobacteriales,Flavobacteriaceae,Flavobacterium,gelidilacus,Flavobacterium_gelidilacus,2,19
Bacteria,Bacteria,Bacteroidetes,Flavobacteriia,Flavobacteriales,Flavobacteriaceae,Flavobacterium,succinicans,Flavobacterium_succinicans,3,59
Bacteria,Bacteria,Bacteroidetes,Flavobacteriia,Flavobacteriales,Flavobacteriaceae,Gaetbulibacter,marinus,Gaetbulibacter_marinus,0,2
Bacteria,Bacteria,Bacteroidetes,Flavobacteriia,Flavobacteriales,Flavobacteriaceae,Hyunsoonleella,jejuensis,Hyunsoonleella_jejuensis,1,6
Bacteria,Bacteria,Bacteroidetes,Flavobacteriia,Flavobacteriales,Flavobacteriaceae,Imtechella,halotolerans,Imtechella_halotolerans,0,1
Bacteria,Bacteria,Bacteroidetes,Flavobacteriia,Flavobacteriales,Flavobacteriaceae,Kriegella,aquimaris,Kriegella_aquimaris,1,8
Bacteria,Bacteria,Bacteroidetes,Flavobacteriia,Flavobacteriales,Flavobacteriaceae,Krokinobacter,genikus,Krokinobacter_genikus,1,12
Bacteria,Bacteria,Bacteroidetes,Flavobacteriia,Flavobacteriales,Flavobacteriaceae,Lacinutrix,mariniflava,Lacinutrix_mariniflava,0,2
Bacteria,Bacteria,Bacteroidetes,Flavobacteriia,Flavobacteriales,Flavobacteriaceae,Lutibacter,maritimus,Lutibacter_maritimus,2,50
Bacteria,Bacteria,Bacteroidetes,Flavobacteriia,Flavobacteriales,Flavobacteriaceae,Maribacter,polysiphoniae,Maribacter_polysiphoniae,0,1
Bacteria,Bacteria,Bacteroidetes,Flavobacteriia,Flavobacteriales,Flavobacteriaceae,Mariniflexile,gromovii,Mariniflexile_gromovii,0,2
Bacteria,Bacteria,Bacteroidetes,Flavobacteriia,Flavobacteriales,Flavobacteriaceae,Myroides,odoratimimus,Myroides_odoratimimus,1,5
Bacteria,Bacteria,Bacteroidetes,Flavobacteriia,Flavobacteriales,Flavobacteriaceae,Polaribacter,irgensii,Polaribacter_irgensii,0,6
Bacteria,Bacteria,Bacteroidetes,Flavobacteriia,Flavobacteriales,Flavobacteriaceae,Pseudozobellia,thermophila,Pseudozobellia_thermophila,0,2
Bacteria,Bacteria,Bacteroidetes,Flavobacteriia,Flavobacteriales,Flavobacteriaceae,Sediminibacter,furfurosus,Sediminibacter_furfurosus,0,1
Bacteria,Bacteria,Bacteroidetes,Flavobacteriia,Flavobacteriales,Flavobacteriaceae,Siansivirga,zeaxanthinifaciens,Siansivirga_zeaxanthinifaciens,0,1
Bacteria,Bacteria,Bacteroidetes,Flavobacteriia,Flavobacteriales,Flavobacteriaceae,Subsaximicrobium,wynnwilliamsii,Subsaximicrobium_wynnwilliamsii,0,1
Bacteria,Bacteria,Bacteroidetes,Flavobacteriia,Flavobacteriales,Flavobacteriaceae,Sufflavibacter,maritimus,Sufflavibacter_maritimus,0,2
Bacteria,Bacteria,Bacteroidetes,Flavobacteriia,Flavobacteriales,Flavobacteriaceae,Tamlana,crocina,Tamlana_crocina,0,1
Bacteria,Bacteria,Bacteroidetes,Flavobacteriia,Flavobacteriales,Flavobacteriaceae,Ulvibacter,litoralis,Ulvibacter_litoralis,0,1
Bacteria,Bacteria,Bacteroidetes,Flavobacteriia,Flavobacteriales,Flavobacteriaceae,Vitellibacter,aestuarii,Vitellibacter_aestuarii,0,2
Bacteria,Bacteria,Bacteroidetes,Flavobacteriia,Flavobacteriales,Flavobacteriaceae,Winogradskyella,thalassocola,Winogradskyella_thalassocola,0,115
Bacteria,Bacteria,Bacteroidetes,Flavobacteriia,Flavobacteriales,Flavobacteriaceae,Yeosuana,yeosuensis,Yeosuana_yeosuensis,0,3
Bacteria,Bacteria,Bacteroidetes,Sphingobacteriia,Sphingobacteriales,Sphingobacteriaceae,Pedobacter,glucosidilyticus,Pedobacter_glucosidilyticus,0,1
Bacteria,Bacteria,Bacteroidetes,Sphingobacteriia,Sphingobacteriales,Sphingobacteriaceae,Pedobacter,saltans,Pedobacter_saltans,0,2
Bacteria,Bacteria,Bacteroidetes,Sphingobacteriia,Sphingobacteriales,Sphingobacteriaceae,Sphingobacterium,faecium,Sphingobacterium_faecium,0,2
Bacteria,Bacteria,Bacteroidetes,Saprospirae,Saprospirales,Saprospiraceae,Lewinella,cohaerens,Lewinella_cohaerens,0,2
Bacteria,Bacteria,Chlamydiae,Chlamydiia,Chlamydiales,Simkaniaceae,Fritschea,eriococci,Fritschea_eriococci,1,0
Bacteria,Bacteria,Chloroflexi,Thermobacula,Thermobaculales,Thermobaculaceae,Thermobaculum,terrenum,Thermobaculum_terrenum,0,1
Bacteria,Bacteria,Deferribacteres,Deferribacteres,Deferribacterales,Deferribacteraceae,Denitrovibrio,acetiphilus,Denitrovibrio_acetiphilus,23,0
Bacteria,Bacteria,Fibrobacteres,Fibrobacteria,Fibrobacterales,Fibrobacteraceae,Fibrobacter,succinogenes,Fibrobacter_succinogenes,0,218
Bacteria,Bacteria,Firmicutes,Bacilli,Bacillales,Bacillaceae,Bacillus,coahuilensis,Bacillus_coahuilensis,0,6
Bacteria,Bacteria,Firmicutes,Bacilli,Bacillales,Bacillaceae,Bacillus,ginsengihumi,Bacillus_ginsengihumi,0,2
Bacteria,Bacteria,Firmicutes,Bacilli,Bacillales,Bacillaceae,Bacillus,humi,Bacillus_humi,0,1
Bacteria,Bacteria,Firmicutes,Bacilli,Bacillales,Bacillaceae,Bacillus,oleronius,Bacillus_oleronius,0,1
Bacteria,Bacteria,Firmicutes,Bacilli,Bacillales,Bacillaceae,Ornithinibacillus,scapharcae,Ornithinibacillus_scapharcae,1,1
Bacteria,Bacteria,Firmicutes,Bacilli,Bacillales,Listeriaceae,Listeria,grayi,Listeria_grayi,0,1
Bacteria,Bacteria,Firmicutes,Bacilli,Bacillales,Paenibacillaceae,Brevibacillus,laterosporus,Brevibacillus_laterosporus,0,1
Bacteria,Bacteria,Firmicutes,Bacilli,Bacillales,Planococcaceae,Planococcus,maitriensis,Planococcus_maitriensis,0,3
Bacteria,Bacteria,Firmicutes,Bacilli,Bacillales,Planococcaceae,Planococcus,maritimus,Planococcus_maritimus,0,2
Bacteria,Bacteria,Firmicutes,Bacilli,Bacillales,Planococcaceae,Planococcus,pelagicus,Planococcus_pelagicus,0,2
Bacteria,Bacteria,Firmicutes,Bacilli,Bacillales,Staphylococcaceae,Jeotgalicoccus,psychrophilus,Jeotgalicoccus_psychrophilus,0,1
Bacteria,Bacteria,Firmicutes,Bacilli,Bacillales,Staphylococcaceae,Macrococcus,caseolyticus,Macrococcus_caseolyticus,1,2
Bacteria,Bacteria,Firmicutes,Bacilli,Bacillales,Staphylococcaceae,Staphylococcus,aureus,Staphylococcus_aureus,0,2
Bacteria,Bacteria,Firmicutes,Bacilli,Lactobacillales,Carnobacteriaceae,Isobaculum,melis,Isobaculum_melis,0,1
Bacteria,Bacteria,Firmicutes,Bacilli,Lactobacillales,Enterococcaceae,Vagococcus,salmoninarum,Vagococcus_salmoninarum,0,2
Bacteria,Bacteria,Firmicutes,Bacilli,Lactobacillales,Lactobacillaceae,Lactobacillus,manihotivorans,Lactobacillus_manihotivorans,0,1
Bacteria,Bacteria,Firmicutes,Bacilli,Lactobacillales,Streptococcaceae,Streptococcus,infantis,Streptococcus_infantis,0,1
Bacteria,Bacteria,Firmicutes,Bacilli,Lactobacillales,Streptococcaceae,Streptococcus,luteciae,Streptococcus_luteciae,0,1
Bacteria,Bacteria,Firmicutes,Clostridia,Clostridiales,Clostridiaceae,Clostridium,gasigenes,Clostridium_gasigenes,0,1
Bacteria,Bacteria,Firmicutes,Clostridia,Clostridiales,Clostridiaceae,Clostridium,hiranonis,Clostridium_hiranonis,0,1
Bacteria,Bacteria,Firmicutes,Clostridia,Clostridiales,Clostridiaceae,Clostridium,intestinale,Clostridium_intestinale,5,9
Bacteria,Bacteria,Firmicutes,Clostridia,Clostridiales,Clostridiaceae,Clostridium,perfringens,Clostridium_perfringens,1,16
Bacteria,Bacteria,Firmicutes,Clostridia,Clostridiales,Clostridiaceae,Clostridium,tetani,Clostridium_tetani,1,0
Bacteria,Bacteria,Firmicutes,Clostridia,Clostridiales,Lachnospiraceae,Blautia,producta,Blautia_producta,0,1
Bacteria,Bacteria,Firmicutes,Clostridia,Clostridiales,Lachnospiraceae,Clostridium,fimetarium,Clostridium_fimetarium,0,3
Bacteria,Bacteria,Firmicutes,Clostridia,Clostridiales,Lachnospiraceae,Shuttleworthia,satelles,Shuttleworthia_satelles,0,1
Bacteria,Bacteria,Firmicutes,Clostridia,Clostridiales,Lachnospiraceae,Ruminococcus,gnavus,Ruminococcus_gnavus,0,1
Bacteria,Bacteria,Firmicutes,Clostridia,Clostridiales,Peptococcaceae,Desulfonispora,thiosulfatigenes,Desulfonispora_thiosulfatigenes,0,31
Bacteria,Bacteria,Firmicutes,Clostridia,Clostridiales,Peptococcaceae,Desulfosporosinus,meridiei,Desulfosporosinus_meridiei,0,7
Bacteria,Bacteria,Firmicutes,Clostridia,Clostridiales,Peptostreptococcaceae,Clostridium,maritimum,Clostridium_maritimum,0,1
Bacteria,Bacteria,Firmicutes,Clostridia,Clostridiales,Peptostreptococcaceae,Clostridium,sticklandii,Clostridium_sticklandii,0,8
Bacteria,Bacteria,Firmicutes,Clostridia,Clostridiales,Peptostreptococcaceae,Peptostreptococcus,anaerobius,Peptostreptococcus_anaerobius,0,7
Bacteria,Bacteria,Firmicutes,Clostridia,Clostridiales,Peptostreptococcaceae,Clostridium,difficile,Clostridium_difficile,0,2
Bacteria,Bacteria,Firmicutes,Clostridia,Clostridiales,Ruminococcaceae,Clostridium,hungatei,Clostridium_hungatei,1,5
Bacteria,Bacteria,Firmicutes,Clostridia,Clostridiales,Ruminococcaceae,Faecalibacterium,prausnitzii,Faecalibacterium_prausnitzii,0,1
Bacteria,Bacteria,Firmicutes,Clostridia,Clostridiales,Ruminococcaceae,Ruminococcus,flavefaciens,Ruminococcus_flavefaciens,0,5
Bacteria,Bacteria,Firmicutes,Clostridia,Clostridiales,Veillonellaceae,Anaerosinus,glycerini,Anaerosinus_glycerini,0,2
Bacteria,Bacteria,Firmicutes,Erysipelotrichi,Erysipelotrichales,Erysipelotrichaceae,Eubacterium,dolichum,Eubacterium_dolichum,0,4
Bacteria,Bacteria,Fusobacteria,Fusobacteriia,Fusobacteriales,Fusobacteriaceae,Cetobacterium,somerae,Cetobacterium_somerae,0,5
Bacteria,Bacteria,Planctomycetes,Planctomycetia,Pirellulales,Pirellulaceae,Rhodopirellula,baltica,Rhodopirellula_baltica,2,0
Bacteria,Bacteria,Proteobacteria,Alphaproteobacteria,Rhizobiales,Hyphomicrobiaceae,Hyphomicrobium,sulfonivorans,Hyphomicrobium_sulfonivorans,2,0
Bacteria,Bacteria,Proteobacteria,Alphaproteobacteria,Rhizobiales,Hyphomicrobiaceae,Rhodoplanes,elegans,Rhodoplanes_elegans,0,1
Bacteria,Bacteria,Proteobacteria,Alphaproteobacteria,Rhizobiales,Hyphomicrobiaceae,Stappia,meyerae,Stappia_meyerae,0,1
Bacteria,Bacteria,Proteobacteria,Alphaproteobacteria,Rhizobiales,Rhizobiaceae,Rhizobium,leguminosarum,Rhizobium_leguminosarum,1,0
Bacteria,Bacteria,Proteobacteria,Alphaproteobacteria,Rhizobiales,Rhizobiaceae,Shinella,granuli,Shinella_granuli,1,0
Bacteria,Bacteria,Proteobacteria,Alphaproteobacteria,Rhodobacterales,Rhodobacteraceae,Anaerospora,hongkongensis,Anaerospora_hongkongensis,1,0
Bacteria,Bacteria,Proteobacteria,Alphaproteobacteria,Rhodobacterales,Rhodobacteraceae,Maritimibacter,alkaliphilus,Maritimibacter_alkaliphilus,1,0
Bacteria,Bacteria,Proteobacteria,Alphaproteobacteria,Rhodobacterales,Rhodobacteraceae,Oceanicella,actignis,Oceanicella_actignis,1,0
Bacteria,Bacteria,Proteobacteria,Alphaproteobacteria,Rhodobacterales,Rhodobacteraceae,Oceanicola,batsensis,Oceanicola_batsensis,2,1
Bacteria,Bacteria,Proteobacteria,Alphaproteobacteria,Rhodobacterales,Rhodobacteraceae,Oceanicola,granulosus,Oceanicola_granulosus,1,0
Bacteria,Bacteria,Proteobacteria,Alphaproteobacteria,Rhodobacterales,Rhodobacteraceae,Oceaniovalibus,guishaninsula,Oceaniovalibus_guishaninsula,2,1
Bacteria,Bacteria,Proteobacteria,Alphaproteobacteria,Rhodobacterales,Rhodobacteraceae,Octadecabacter,antarcticus,Octadecabacter_antarcticus,2,1
Bacteria,Bacteria,Proteobacteria,Alphaproteobacteria,Rhodobacterales,Rhodobacteraceae,Paracoccus,aminovorans,Paracoccus_aminovorans,7,11
Bacteria,Bacteria,Proteobacteria,Alphaproteobacteria,Rhodobacterales,Rhodobacteraceae,Paracoccus,marcusii,Paracoccus_marcusii,1,12
Bacteria,Bacteria,Proteobacteria,Alphaproteobacteria,Rhodobacterales,Rhodobacteraceae,Phaeobacter,gallaeciensis,Phaeobacter_gallaeciensis,1,0
Bacteria,Bacteria,Proteobacteria,Alphaproteobacteria,Rhodobacterales,Rhodobacteraceae,Piezobacter,thermophilus,Piezobacter_thermophilus,1,0
Bacteria,Bacteria,Proteobacteria,Alphaproteobacteria,Rhodobacterales,Rhodobacteraceae,Roseisalinus,antarcticus,Roseisalinus_antarcticus,2,0
Bacteria,Bacteria,Proteobacteria,Alphaproteobacteria,Rhodobacterales,Rhodobacteraceae,Roseobacter,litoralis,Roseobacter_litoralis,2,0
Bacteria,Bacteria,Proteobacteria,Alphaproteobacteria,Rhodobacterales,Rhodobacteraceae,Thalassobacter,arenae,Thalassobacter_arenae,0,2
Bacteria,Bacteria,Proteobacteria,Alphaproteobacteria,Rhodobacterales,Rhodobacteraceae,Thalassobacter,stenotrophicus,Thalassobacter_stenotrophicus,2,2
Bacteria,Bacteria,Proteobacteria,Alphaproteobacteria,Rhodobacterales,Rhodobacteraceae,Thalassococcus,halodurans,Thalassococcus_halodurans,0,2
Bacteria,Bacteria,Proteobacteria,Alphaproteobacteria,Rhodobacterales,Rhodobacteraceae,Wenxinia,marina,Wenxinia_marina,1,0
Bacteria,Bacteria,Proteobacteria,Alphaproteobacteria,Rhodospirillales,Rhodospirillaceae,Oceanibaculum,indicum,Oceanibaculum_indicum,60,0
Bacteria,Bacteria,Proteobacteria,Alphaproteobacteria,Rhodospirillales,Rhodospirillaceae,Telmatospirillum,siberiense,Telmatospirillum_siberiense,2,0
Bacteria,Bacteria,Proteobacteria,Alphaproteobacteria,Sphingomonadales,Erythrobacteraceae,Altererythrobacter,luteolus,Altererythrobacter_luteolus,0,1
Bacteria,Bacteria,Proteobacteria,Alphaproteobacteria,Sphingomonadales,Erythrobacteraceae,Erythrobacter,nanhaisediminis,Erythrobacter_nanhaisediminis,0,4
Bacteria,Bacteria,Proteobacteria,Alphaproteobacteria,Sphingomonadales,Sphingomonadaceae,Sphingomonas,wittichii,Sphingomonas_wittichii,3,0
Bacteria,Bacteria,Proteobacteria,Betaproteobacteria,Burkholderiales,Alcaligenaceae,Alcaligenes,faecalis,Alcaligenes_faecalis,7,1
Bacteria,Bacteria,Proteobacteria,Betaproteobacteria,Burkholderiales,Alcaligenaceae,Candidimonas,humi,Candidimonas_humi,5,0
Bacteria,Bacteria,Proteobacteria,Betaproteobacteria,Burkholderiales,Alcaligenaceae,Kerstersia,gyiorum,Kerstersia_gyiorum,1,0
Bacteria,Bacteria,Proteobacteria,Betaproteobacteria,Burkholderiales,Alcaligenaceae,Paralcaligenes,ureilyticus,Paralcaligenes_ureilyticus,3,0
Bacteria,Bacteria,Proteobacteria,Betaproteobacteria,Burkholderiales,Alcaligenaceae,Tetrathiobacter,kashmirensis,Tetrathiobacter_kashmirensis,1,0
Bacteria,Bacteria,Proteobacteria,Betaproteobacteria,Burkholderiales,Comamonadaceae,Acidovorax,wohlfahrtii,Acidovorax_wohlfahrtii,0,2
Bacteria,Bacteria,Proteobacteria,Betaproteobacteria,Burkholderiales,Comamonadaceae,Limnohabitans,curvus,Limnohabitans_curvus,1,0
Bacteria,Bacteria,Proteobacteria,Betaproteobacteria,Burkholderiales,Comamonadaceae,Variovorax,paradoxus,Variovorax_paradoxus,0,12
Bacteria,Bacteria,Proteobacteria,Betaproteobacteria,Burkholderiales,Comamonadaceae,Xylophilus,ampelinus,Xylophilus_ampelinus,0,1
Bacteria,Bacteria,Proteobacteria,Betaproteobacteria,Methylophilales,Methylophilaceae,Methylotenera,mobilis,Methylotenera_mobilis,1,0
Bacteria,Bacteria,Proteobacteria,Betaproteobacteria,Neisseriales,Neisseriaceae,Conchiformibius,kuhniae,Conchiformibius_kuhniae,0,1
Bacteria,Bacteria,Proteobacteria,Betaproteobacteria,Neisseriales,Neisseriaceae,Neisseria,cinerea,Neisseria_cinerea,1,1
Bacteria,Bacteria,Proteobacteria,Betaproteobacteria,Nitrosomonadales,Nitrosomonadaceae,Nitrosococcus,mobilis,Nitrosococcus_mobilis,2,0
Bacteria,Bacteria,Proteobacteria,Betaproteobacteria,Nitrosomonadales,Nitrosomonadaceae,Nitrosomonas,nitrosa,Nitrosomonas_nitrosa,2,0
Bacteria,Bacteria,Proteobacteria,Deltaproteobacteria,Bdellovibrionales,Bacteriovoracaceae,Peredibacter,starrii,Peredibacter_starrii,0,3
Bacteria,Bacteria,Proteobacteria,Deltaproteobacteria,Desulfobacterales,Desulfobacteraceae,Algidimarina,propionica,Algidimarina_propionica,0,4
Bacteria,Bacteria,Proteobacteria,Deltaproteobacteria,Desulfobacterales,Desulfobacteraceae,Desulfamplus,magnetomortis,Desulfamplus_magnetomortis,1,2
Bacteria,Bacteria,Proteobacteria,Deltaproteobacteria,Desulfobacterales,Desulfobacteraceae,Desulfatibacillum,alkenivorans,Desulfatibacillum_alkenivorans,0,1
Bacteria,Bacteria,Proteobacteria,Deltaproteobacteria,Desulfobacterales,Desulfobacteraceae,Desulfatiferula,olefinivorans,Desulfatiferula_olefinivorans,1,1
Bacteria,Bacteria,Proteobacteria,Deltaproteobacteria,Desulfobacterales,Desulfobacteraceae,Desulfobotulus,alkaliphilus,Desulfobotulus_alkaliphilus,0,1
Bacteria,Bacteria,Proteobacteria,Deltaproteobacteria,Desulfobacterales,Desulfobacteraceae,Desulfococcus,multivorans,Desulfococcus_multivorans,1,0
Bacteria,Bacteria,Proteobacteria,Deltaproteobacteria,Desulfobacterales,Desulfobacteraceae,Desulfofaba,fastidiosa,Desulfofaba_fastidiosa,0,1
Bacteria,Bacteria,Proteobacteria,Deltaproteobacteria,Desulfobacterales,Desulfobacteraceae,Desulfospira,joergensenii,Desulfospira_joergensenii,4,2
Bacteria,Bacteria,Proteobacteria,Deltaproteobacteria,Desulfobacterales,Desulfobulbaceae,Desulfobulbus,mediterraneus,Desulfobulbus_mediterraneus,0,1
Bacteria,Bacteria,Proteobacteria,Deltaproteobacteria,Desulfobacterales,Desulfobulbaceae,Desulforhopalus,vacuolatus,Desulforhopalus_vacuolatus,1,25
Bacteria,Bacteria,Proteobacteria,Deltaproteobacteria,Desulfovibrionales,Desulfovibrionaceae,Desulfovibrio,alaskensis,Desulfovibrio_alaskensis,0,1
Bacteria,Bacteria,Proteobacteria,Deltaproteobacteria,Desulfovibrionales,Desulfovibrionaceae,Desulfovibrio,aminophilus,Desulfovibrio_aminophilus,1,0
Bacteria,Bacteria,Proteobacteria,Deltaproteobacteria,Desulfovibrionales,Desulfovibrionaceae,Desulfovibrio,cuneatus,Desulfovibrio_cuneatus,0,2
Bacteria,Bacteria,Proteobacteria,Deltaproteobacteria,Desulfuromonadales,Desulfuromonadaceae,Desulfuromusa,ferrireducens,Desulfuromusa_ferrireducens,0,1
Bacteria,Bacteria,Proteobacteria,Deltaproteobacteria,Desulfuromonadales,Desulfuromonadaceae,Pelobacter,acidigallici,Pelobacter_acidigallici,0,4
Bacteria,Bacteria,Proteobacteria,Deltaproteobacteria,Desulfuromonadales,Geobacteraceae,Geobacter,lovleyi,Geobacter_lovleyi,1,0
Bacteria,Bacteria,Proteobacteria,Deltaproteobacteria,Desulfuromonadales,Pelobacteraceae,Desulfuromonas,chloroethenica,Desulfuromonas_chloroethenica,0,1
Bacteria,Bacteria,Proteobacteria,Deltaproteobacteria,Desulfuromonadales,Pelobacteraceae,Desulfuromonas,michiganensis,Desulfuromonas_michiganensis,3,4
Bacteria,Bacteria,Proteobacteria,Epsilonproteobacteria,Campylobacterales,Campylobacteraceae,Arcobacter,cryaerophilus,Arcobacter_cryaerophilus,0,16
Bacteria,Bacteria,Proteobacteria,Epsilonproteobacteria,Campylobacterales,Helicobacteraceae,Sulfuricurvum,kujiense,Sulfuricurvum_kujiense,0,2
Bacteria,Bacteria,Proteobacteria,Epsilonproteobacteria,Campylobacterales,Helicobacteraceae,Sulfurimonas,autotrophica,Sulfurimonas_autotrophica,20,7
Bacteria,Bacteria,Proteobacteria,Gammaproteobacteria,Alteromonadales,Alteromonadaceae,Glaciecola,punicea,Glaciecola_punicea,0,42
Bacteria,Bacteria,Proteobacteria,Gammaproteobacteria,Alteromonadales,Alteromonadaceae,Marinobacter,bryozoorum,Marinobacter_bryozoorum,1,0
Bacteria,Bacteria,Proteobacteria,Gammaproteobacteria,Alteromonadales,Alteromonadaceae,Marinobacter,hydrocarbonoclasticus,Marinobacter_hydrocarbonoclasticus,1,5
Bacteria,Bacteria,Proteobacteria,Gammaproteobacteria,Alteromonadales,Alteromonadaceae,Marinobacter,zhejiangensis,Marinobacter_zhejiangensis,2,0
Bacteria,Bacteria,Proteobacteria,Gammaproteobacteria,Alteromonadales,Colwelliaceae,Colwellia,piezophila,Colwellia_piezophila,0,1
Bacteria,Bacteria,Proteobacteria,Gammaproteobacteria,Alteromonadales,Idiomarinaceae,Pseudidiomarina,homiensis,Pseudidiomarina_homiensis,0,1
Bacteria,Bacteria,Proteobacteria,Gammaproteobacteria,Alteromonadales,J115,Melitea,salexigens,Melitea_salexigens,1,0
Bacteria,Bacteria,Proteobacteria,Gammaproteobacteria,Alteromonadales,Shewanellaceae,Shewanella,benthica,Shewanella_benthica,0,1
Bacteria,Bacteria,Proteobacteria,Gammaproteobacteria,Chromatiales,Chromatiaceae,Allochromatium,vinosum,Allochromatium_vinosum,1,1
Bacteria,Bacteria,Proteobacteria,Gammaproteobacteria,Chromatiales,Chromatiaceae,Chromatium,okenii,Chromatium_okenii,0,1
Bacteria,Bacteria,Proteobacteria,Gammaproteobacteria,Chromatiales,Chromatiaceae,Thiodictyon,syntrophicum,Thiodictyon_syntrophicum,1,0
Bacteria,Bacteria,Proteobacteria,Gammaproteobacteria,Chromatiales,Ectothiorhodospiraceae,Thiobacillus,prosperus,Thiobacillus_prosperus,1,0
Bacteria,Bacteria,Proteobacteria,Gammaproteobacteria,Chromatiales,Halothiobacillaceae,Halothiobacillus,hydrothermalis,Halothiobacillus_hydrothermalis,12,0
Bacteria,Bacteria,Proteobacteria,Gammaproteobacteria,Enterobacteriales,Enterobacteriaceae,Brenneria,quercina,Brenneria_quercina,1,0
Bacteria,Bacteria,Proteobacteria,Gammaproteobacteria,Enterobacteriales,Enterobacteriaceae,Enterobacter,hormaechei,Enterobacter_hormaechei,0,1
Bacteria,Bacteria,Proteobacteria,Gammaproteobacteria,Enterobacteriales,Enterobacteriaceae,Klebsiella,oxytoca,Klebsiella_oxytoca,0,1
Bacteria,Bacteria,Proteobacteria,Gammaproteobacteria,Enterobacteriales,Enterobacteriaceae,Leminorella,grimontii,Leminorella_grimontii,1,0
Bacteria,Bacteria,Proteobacteria,Gammaproteobacteria,Enterobacteriales,Enterobacteriaceae,Plesiomonas,shigelloides,Plesiomonas_shigelloides,1,0
Bacteria,Bacteria,Proteobacteria,Gammaproteobacteria,Methylococcales,Methylococcaceae,Methylobacter,luteus,Methylobacter_luteus,7,0
Bacteria,Bacteria,Proteobacteria,Gammaproteobacteria,Methylococcales,Methylococcaceae,Methylobacter,whittenburyi,Methylobacter_whittenburyi,2,0
Bacteria,Bacteria,Proteobacteria,Gammaproteobacteria,Methylococcales,Methylococcaceae,Methylomicrobium,buryatense,Methylomicrobium_buryatense,13,1
Bacteria,Bacteria,Proteobacteria,Gammaproteobacteria,Methylococcales,Methylococcaceae,Methylosarcina,quisquiliarum,Methylosarcina_quisquiliarum,3,1
Bacteria,Bacteria,Proteobacteria,Gammaproteobacteria,Oceanospirillales,Alcanivoracaceae,Alcanivorax,dieselolei,Alcanivorax_dieselolei,7,0
Bacteria,Bacteria,Proteobacteria,Gammaproteobacteria,Oceanospirillales,Alcanivoracaceae,Alcanivorax,venustensis,Alcanivorax_venustensis,1,0
Bacteria,Bacteria,Proteobacteria,Gammaproteobacteria,Oceanospirillales,Endozoicimonaceae,Endozoicomonas,montiporae,Endozoicomonas_montiporae,0,1
Bacteria,Bacteria,Proteobacteria,Gammaproteobacteria,Oceanospirillales,Halomonadaceae,Chromohalobacter,marismortui,Chromohalobacter_marismortui,0,1
Bacteria,Bacteria,Proteobacteria,Gammaproteobacteria,Oceanospirillales,Halomonadaceae,Haererehalobacter,salaria,Haererehalobacter_salaria,0,1
Bacteria,Bacteria,Proteobacteria,Gammaproteobacteria,Oceanospirillales,Halomonadaceae,Halomonas,alkalitolerans,Halomonas_alkalitolerans,2,0
Bacteria,Bacteria,Proteobacteria,Gammaproteobacteria,Oceanospirillales,Halomonadaceae,Halomonas,halocynthiae,Halomonas_halocynthiae,0,3
Bacteria,Bacteria,Proteobacteria,Gammaproteobacteria,Oceanospirillales,Halomonadaceae,Halomonas,ilicicola,Halomonas_ilicicola,5,7
Bacteria,Bacteria,Proteobacteria,Gammaproteobacteria,Oceanospirillales,Halomonadaceae,Halomonas,pacifica,Halomonas_pacifica,1,0
Bacteria,Bacteria,Proteobacteria,Gammaproteobacteria,Oceanospirillales,Halomonadaceae,Halomonas,rifensis,Halomonas_rifensis,0,4
Bacteria,Bacteria,Proteobacteria,Gammaproteobacteria,Oceanospirillales,Halomonadaceae,Halomonas,xinjiangensis,Halomonas_xinjiangensis,0,4
Bacteria,Bacteria,Proteobacteria,Gammaproteobacteria,Oceanospirillales,Halomonadaceae,Kushneria,aurantia,Kushneria_aurantia,0,2
Bacteria,Bacteria,Proteobacteria,Gammaproteobacteria,Oceanospirillales,Oceanospirillaceae,Neptuniibacter,caesariensis,Neptuniibacter_caesariensis,0,1
Bacteria,Bacteria,Proteobacteria,Gammaproteobacteria,Oceanospirillales,Oceanospirillaceae,Oceaniserpentilla,haliotis,Oceaniserpentilla_haliotis,0,1
Bacteria,Bacteria,Proteobacteria,Gammaproteobacteria,Oceanospirillales,Oceanospirillaceae,Pseudospirillum,japonicum,Pseudospirillum_japonicum,0,10
Bacteria,Bacteria,Proteobacteria,Gammaproteobacteria,Pseudomonadales,Moraxellaceae,Acinetobacter,johnsonii,Acinetobacter_johnsonii,0,7
Bacteria,Bacteria,Proteobacteria,Gammaproteobacteria,Pseudomonadales,Moraxellaceae,Acinetobacter,lwoffii,Acinetobacter_lwoffii,2,3
Bacteria,Bacteria,Proteobacteria,Gammaproteobacteria,Pseudomonadales,Moraxellaceae,Acinetobacter,schindleri,Acinetobacter_schindleri,2,0
Bacteria,Bacteria,Proteobacteria,Gammaproteobacteria,Pseudomonadales,Moraxellaceae,Moraxella,lincolnii,Moraxella_lincolnii,5,9
Bacteria,Bacteria,Proteobacteria,Gammaproteobacteria,Pseudomonadales,Moraxellaceae,Psychrobacter,celer,Psychrobacter_celer,0,74
Bacteria,Bacteria,Proteobacteria,Gammaproteobacteria,Pseudomonadales,Moraxellaceae,Psychrobacter,lutiphocae,Psychrobacter_lutiphocae,0,6
Bacteria,Bacteria,Proteobacteria,Gammaproteobacteria,Pseudomonadales,Moraxellaceae,Psychrobacter,marincola,Psychrobacter_marincola,0,13
Bacteria,Bacteria,Proteobacteria,Gammaproteobacteria,Pseudomonadales,Moraxellaceae,Psychrobacter,pacificensis,Psychrobacter_pacificensis,0,2
Bacteria,Bacteria,Proteobacteria,Gammaproteobacteria,Pseudomonadales,Moraxellaceae,Psychrobacter,pulmonis,Psychrobacter_pulmonis,0,12
Bacteria,Bacteria,Proteobacteria,Gammaproteobacteria,Pseudomonadales,Moraxellaceae,Psychrobacter,sanguinis,Psychrobacter_sanguinis,0,1
Bacteria,Bacteria,Proteobacteria,Gammaproteobacteria,Pseudomonadales,Pseudomonadaceae,Pseudomonas,alcaligenes,Pseudomonas_alcaligenes,1,4
Bacteria,Bacteria,Proteobacteria,Gammaproteobacteria,Pseudomonadales,Pseudomonadaceae,Pseudomonas,balearica,Pseudomonas_balearica,1,0
Bacteria,Bacteria,Proteobacteria,Gammaproteobacteria,Pseudomonadales,Pseudomonadaceae,Pseudomonas,citronellolis,Pseudomonas_citronellolis,2,0
Bacteria,Bacteria,Proteobacteria,Gammaproteobacteria,Pseudomonadales,Pseudomonadaceae,Pseudomonas,thermotolerans,Pseudomonas_thermotolerans,1,0
Bacteria,Bacteria,Proteobacteria,Gammaproteobacteria,Pseudomonadales,Pseudomonadaceae,Pseudomonas,viridiflava,Pseudomonas_viridiflava,1,2
Bacteria,Bacteria,Proteobacteria,Gammaproteobacteria,Pseudomonadales,Pseudomonadaceae,Serpens,flexibilis,Serpens_flexibilis,5,26
Bacteria,Bacteria,Proteobacteria,Gammaproteobacteria,Vibrionales,Pseudoalteromonadaceae,Pseudoalteromonas,porphyrae,Pseudoalteromonas_porphyrae,1,3
Bacteria,Bacteria,Proteobacteria,Gammaproteobacteria,Vibrionales,Pseudoalteromonadaceae,Vibrio,mimicus,Vibrio_mimicus,0,1
Bacteria,Bacteria,Proteobacteria,Gammaproteobacteria,Vibrionales,Vibrionaceae,Photobacterium,angustum,Photobacterium_angustum,0,1
Bacteria,Bacteria,Proteobacteria,Gammaproteobacteria,Vibrionales,Vibrionaceae,Vibrio,fortis,Vibrio_fortis,0,1
Bacteria,Bacteria,Proteobacteria,Gammaproteobacteria,Vibrionales,Vibrionaceae,Vibrio,rumoiensis,Vibrio_rumoiensis,1,0
Bacteria,Bacteria,Proteobacteria,Gammaproteobacteria,Xanthomonadales,Sinobacteraceae,Hydrocarboniphaga,effusa,Hydrocarboniphaga_effusa,1,0
Bacteria,Bacteria,Proteobacteria,Gammaproteobacteria,Xanthomonadales,Xanthomonadaceae,Luteibacter,rhizovicinus,Luteibacter_rhizovicinus,1,0
Bacteria,Bacteria,Proteobacteria,Gammaproteobacteria,Xanthomonadales,Xanthomonadaceae,Luteimonas,mephitis,Luteimonas_mephitis,1,0
Bacteria,Bacteria,Proteobacteria,Gammaproteobacteria,Xanthomonadales,Xanthomonadaceae,Lysobacter,yangpyeongensis,Lysobacter_yangpyeongensis,0,1
Bacteria,Bacteria,Proteobacteria,Gammaproteobacteria,Xanthomonadales,Xanthomonadaceae,Pseudofulvimonas,gallinarii,Pseudofulvimonas_gallinarii,2,0
Bacteria,Bacteria,Proteobacteria,Gammaproteobacteria,Xanthomonadales,Xanthomonadaceae,Pseudoxanthomonas,mexicana,Pseudoxanthomonas_mexicana,0,1
Bacteria,Bacteria,Proteobacteria,Gammaproteobacteria,Xanthomonadales,Xanthomonadaceae,Rhodanobacter,lindaniclasticus,Rhodanobacter_lindaniclasticus,3,0
Bacteria,Bacteria,Proteobacteria,Gammaproteobacteria,Xanthomonadales,Xanthomonadaceae,Silanimonas,mangrovi,Silanimonas_mangrovi,2,0
Bacteria,Bacteria,Spirochaetes,Spirochaetes,Spirochaetales,Spirochaetaceae,Spirochaeta,africana,Spirochaeta_africana,0,1
Bacteria,Bacteria,Spirochaetes,Spirochaetes,Spirochaetales,Spirochaetaceae,Spirochaeta,alkalica,Spirochaeta_alkalica,3,0
Bacteria,Bacteria,Tenericutes,Mollicutes,Acholeplasmatales,Acholeplasmataceae,Acholeplasma,brassicae,Acholeplasma_brassicae,0,173
Bacteria,Bacteria,Tenericutes,Mollicutes,Acholeplasmatales,Acholeplasmataceae,Acholeplasma,laidlawii,Acholeplasma_laidlawii,0,43
Bacteria,Bacteria,Tenericutes,Mollicutes,Acholeplasmatales,Acholeplasmataceae,Acholeplasma,morum,Acholeplasma_morum,0,61
Bacteria,Bacteria,Tenericutes,Mollicutes,Acholeplasmatales,Acholeplasmataceae,CandidatusPhytoplasma,australiense,CandidatusPhytoplasma_australiense,0,1
Bacteria,Bacteria,Thermotogae,Thermotogae,Thermotogales,Thermotogaceae,Kosmotoga,mrcj,Kosmotoga_mrcj,57,12
